Sample_ID,Site_name,Sample_Collection_Date,Lat,Lon,Type,Elevation_mabsl,Subgroup,dD,dD_SD,d18O,d18O_SD,d_excess,Data_source
BW-22-1,Jordan River at Park,5/23/2022,40.7501391,-111.9209121,River_or_stream,1836.938319,Downstream,-102.24,0.39,-12.91,0.06,1.04,P2C2 Project - Vanderbilt U
BW-22-2,Bridger Bay at Antelope Island,5/23/2022,41.0566328,-112.2558003,Lake,1911.328032,Downstream,-57.99,0.62,-3.38,0.12,-30.95,P2C2 Project - Vanderbilt U
BW-22-3,,,,,Ground,,Downstream,-126.2,0.53,-16.67,0.05,7.16,P2C2 Project - Vanderbilt U
BW-22-4,Lake Inflow,5/23/2022,41.0601557,-112.235448,Lake,,Downstream,-68.5,0.53,-5.62,0.04,-23.54,P2C2 Project - Vanderbilt U
BW-22-5,Bear river,5/23/2022,41.54585,-112.09538,River_or_stream,2001.431114,Downstream,-111.82,0.48,-13.82,0.04,-1.26,P2C2 Project - Vanderbilt U
BW-22-6,Cutler Reservoir,5/23/2022,41.84329,-112.00322,Reservoir,2062.8178,Downstream,-120.07,0.49,-15.73,0.03,5.77,P2C2 Project - Vanderbilt U
BW-22-7,Bear River Main Stem,5/24/2022,42.19311,-111.77848,River_or_stream,,Downstream,-118.53,0.52,-15.15,0.06,2.67,P2C2 Project - Vanderbilt U
BW-22-8,Mink Creek,5/24/2022,42.19325,-111.7808,River_or_stream,,Downstream,-120.12,0.47,-15.89,0.05,7,P2C2 Project - Vanderbilt U
BW-22-9,Bear River Main Stem,5/23/2022,42.34721,-111.71274,River_or_stream,2149.21092,Downstream,-117.74,0.43,-14.86,0.06,1.14,P2C2 Project - Vanderbilt U
BW-22-10,small stream off road,5/24/2022,42.32097,-111.76489,River_or_stream,,Downstream,-112.49,0.39,-14.3,0.03,1.91,P2C2 Project - Vanderbilt U
BW-22-11,Trout Creek,5/24/2022,42.40792,-111.72494,River_or_stream,,Downstream,-118.27,0.38,-15.55,0.03,6.13,P2C2 Project - Vanderbilt U
BW-22-12,Whiskey Creek,5/24/2022,42.45403,-111.72108,River_or_stream,,Downstream,-109.98,0.36,-13.52,0.03,-1.82,P2C2 Project - Vanderbilt U
BW-22-13,Bear River Below Dam,5/24/2022,42.58582,-111.72944,River_or_stream,,Downstream,-118.83,0.33,-15.01,0.04,1.25,P2C2 Project - Vanderbilt U
BW-22-14,Bear River Main Stem,5/23/2022,42.64553,-111.69917,River_or_stream,2169.902679,Downstream,-117.87,0.34,-14.87,0.03,1.09,P2C2 Project - Vanderbilt U
BW-22-15,Soda Springs Creek,5/24/2022,42.65606,-111.61775,River_or_stream,,Downstream,-126.8,0.29,-16.41,0.03,4.48,P2C2 Project - Vanderbilt U
BW-22-16,Ledger Creek,5/24/2022,42.61679,-111.58431,River_or_stream,,Downstream,-129.87,0.24,-16.96,0.03,5.81,P2C2 Project - Vanderbilt U
BW-22-17,Main Stem Bear,5/23/2022,42.61413,-111.58372,River_or_stream,2179.209709,Downstream,-111.05,0.31,-13.7,0.03,-1.45,P2C2 Project - Vanderbilt U
BW-22-18,Eight Mile Creek,5/23/2022,42.57935,-111.54526,River_or_stream,2228.41974,Downstream,-121.53,0.19,-16.42,0.03,9.83,P2C2 Project - Vanderbilt U
BW-22-18,Eightmile Creek,5/23/2022,42.57935,-111.54526,River_or_stream,2228.41974,Downstream,,,,,0,P2C2 Project - Vanderbilt U
BW-22-19,Pearl Creek,5/24/2022,42.52925,-111.47614,River_or_stream,,Downstream,-122.82,0.23,-16.5,0.03,9.18,P2C2 Project - Vanderbilt U
BW-22-20,Small creek,5/24/2022,42.51015,-111.46625,River_or_stream,,Downstream,-129.21,0.04,-17.07,0,7.35,P2C2 Project - Vanderbilt U
BW-22-21,Stauffer Creek,5/23/2022,42.47638,-111.4101,River_or_stream,2184.906161,Downstream,-120.84,0.02,-15.92,0.02,6.52,P2C2 Project - Vanderbilt U
BW-22-22,Georgetown Creek,5/24/2022,42.4693,-111.3955,River_or_stream,,Downstream,-124,0.01,-16.4,0,7.2,P2C2 Project - Vanderbilt U
BW-22-23,Main Stem,5/23/2022,42.40167,-111.35716,River_or_stream,2185.328306,Downstream,-101.84,0.02,-11.93,0.01,-6.4,P2C2 Project - Vanderbilt U
BW-22-24,Montpellier Creek,5/23/2022,42.32057,-111.25527,River_or_stream,2236.143389,Around,-128.29,0.01,-16.75,0.01,5.71,P2C2 Project - Vanderbilt U
BW-22-24,Montpellier Creek,5/24/2022,42.32057,-111.25527,River_or_stream,,Around,,,,,0,P2C2 Project - Vanderbilt U
BW-22-25,,,42.32057,-111.25527,River_or_stream,,Around,-129.19,0,-16.84,0,5.53,P2C2 Project - Vanderbilt U
BW-22-26,P+J Outlet Canal,5/24/2022,42.30545,-111.35867,Lake,,Around,-97.56,0.09,-11.06,0.03,-9.08,P2C2 Project - Vanderbilt U
BW-22-27,P+J inlet canal just downstream of USGS guage,5/24/2022,42.21935,-111.29586,River_or_stream,,Around,-119.85,0.01,-15.27,0,2.31,P2C2 Project - Vanderbilt U
BW-22-28,Paris Creek,5/24/2022,42.21847,-111.40099,River_or_stream,,Around,-122.9,0.04,-16.6,0.01,9.9,P2C2 Project - Vanderbilt U
BW-22-29,Creek N of Paris,5/24/2022,42.2328521,-111.4008066,River_or_stream,,Around,-124.75,0.02,-16.36,0.01,6.13,P2C2 Project - Vanderbilt U
BW-22-30,Bloomington Creek,5/24/2022,42.18466,-111.42624,River_or_stream,,Around,-124.42,0.02,-16.76,0,9.66,P2C2 Project - Vanderbilt U
BW-22-31,Spring Creek,5/24/2022,42.1439297,-111.3957198,River_or_stream,,Around,-127.47,0.12,-16.53,0.01,4.77,P2C2 Project - Vanderbilt U
BW-22-32,,,,,River_or_stream,,Around,-127.42,0.11,-16.98,0.01,8.42,P2C2 Project - Vanderbilt U
BW-22-33,,,,,River_or_stream,,Around,-127.78,0.08,-17.08,0,8.86,P2C2 Project - Vanderbilt U
BW-22-34,Swan Creek,5/23/2022,41.98504433,-111.4107074,River_or_stream,2208.757079,Around,-122.66,0.06,-15.97,0.01,5.1,P2C2 Project - Vanderbilt U
BW-22-36,,,,,River_or_stream,,Around,-128.21,0.07,-17.16,0.01,9.07,P2C2 Project - Vanderbilt U
BW-22-37,,,,,River_or_stream,,Around,-125.89,0.01,-16.57,0.01,6.67,P2C2 Project - Vanderbilt U
BW-22-38,,,,,River_or_stream,,Around,-129.89,0.09,-17.07,0.01,6.67,P2C2 Project - Vanderbilt U
BW-22-39,,5/23/2022,42.11423,-111.44588,River_or_stream,2367.174051,Around,-123.52,0.08,-16.35,0.01,7.28,P2C2 Project - Vanderbilt U
BW-22-41,,,,,River_or_stream,,Around,-123.89,0.11,-16.41,0.01,7.39,P2C2 Project - Vanderbilt U
BW-22-42,,,,,River_or_stream,,Around,-123.05,0.07,-16.24,0,6.87,P2C2 Project - Vanderbilt U
BW-22-43,,5/23/2022,42.12078,-111.29844,Lake,,Around,-108.76,0.13,-12.97,0.01,-5,P2C2 Project - Vanderbilt U
BW-22-44,,5/23/2022,42.11658,-111.29887,Lake,,Around,-83.5,0.13,-8.59,0.02,-14.78,P2C2 Project - Vanderbilt U
BW-22-44,,5/23/2022,42.11658,-111.29887,Lake,,Around,,,,,0,P2C2 Project - Vanderbilt U
BW-22-46,,,,,River_or_stream,,Around,-131.3,0.11,-16.84,0,3.42,P2C2 Project - Vanderbilt U
BW-22-48,,,,,River_or_stream,,Around,-135.49,0.16,-17.26,0.02,2.59,P2C2 Project - Vanderbilt U
BW-22-49,,5/23/2022,41.9862,-111.25934,River_or_stream,2066.049438,Around,-133.36,0.03,-16.97,0.01,2.4,P2C2 Project - Vanderbilt U
BW-22-50,,5/23/2022,41.94984,-111.27852,Lake,,Around,-77.89,0.03,-7.33,0.01,-19.25,P2C2 Project - Vanderbilt U
BW-22-51,,,,,River_or_stream,,Around,-132.8,0.06,-17,0,3.2,P2C2 Project - Vanderbilt U
BW-22-52,,5/23/2022,41.92015,-111.25407,River_or_stream,2103.858078,Around,-119.12,0.02,-14.62,0.02,-2.16,P2C2 Project - Vanderbilt U
BW-22-52a,,,,,River_or_stream,,Around,-116.75,0.05,-14.09,0.02,-4.03,P2C2 Project - Vanderbilt U
BW-22-54,,5/23/2022,41.81355,-111.37923,River_or_stream,,Around,-128.02,0,-16.59,0.01,4.7,P2C2 Project - Vanderbilt U
BW-22-100,,5/24/2022,41.24652,-111.06909,River_or_stream,2122.561566,Upstream,-115.79,0.04,-13.73,0.02,-5.95,P2C2 Project - Vanderbilt U
BW-22-100a,,,,,River_or_stream,,Upstream,-118.01,0.01,-14.15,0.01,-4.81,P2C2 Project - Vanderbilt U
BW-22-101,,,,,River_or_stream,,Upstream,-122.06,0,-15.86,0.02,4.82,P2C2 Project - Vanderbilt U
BW-22-102,,5/24/2022,41.2703,-110.96275,River_or_stream,2627.101992,Upstream,-125.69,0.04,-16.78,0.01,8.55,P2C2 Project - Vanderbilt U
BW-22-103,,5/24/2022,41.50464,-111.01528,Lake,2431.278244,Upstream,-121.39,0.09,-15.84,0.03,5.33,P2C2 Project - Vanderbilt U
BW-22-104,,,,,River_or_stream,,Upstream,-124.55,0.05,-16.49,0.03,7.37,P2C2 Project - Vanderbilt U
BW-22-105,,5/24/2022,41.61033,-111.25416,River_or_stream,2250.287452,Upstream,-130.25,0.17,-17.1,0.02,6.55,P2C2 Project - Vanderbilt U
BW-22-105,,5/24/2022,41.61033,-111.25416,River_or_stream,2250.287452,Upstream,,,,,0,P2C2 Project - Vanderbilt U
BW-22-106,,5/24/2022,41.67739,-111.23299,River_or_stream,2225.521788,Upstream,-134.08,0.18,-17.9,0.03,9.12,P2C2 Project - Vanderbilt U
BW-22-107,,5/24/2022,41.70987,-111.18893,River_or_stream,2148.533741,Upstream,-131.84,0.18,-17.4,0.03,7.36,P2C2 Project - Vanderbilt U
BW-22-108,6 mile creek,5/25/2022,42.85087,-111.14568,River_or_stream,,Upstream,-129.47,0.17,-16.47,0.01,2.29,P2C2 Project - Vanderbilt U
BW-22-109,6 mile reservoir,5/25/2022,42.83719,-111.10062,Reservoir,,Upstream,-121.49,0.15,-14.72,0.02,-3.73,P2C2 Project - Vanderbilt U
BW-22-110,Bear River main stem (downstream of USGS gauge),5/25/2022,41.94725,-110.96336,River_or_stream,,Upstream,-118.17,0.12,-14.55,0.01,-1.77,P2C2 Project - Vanderbilt U
BW-22-111,Sublette Creek,5/25/2022,42.03943,-110.93143,River_or_stream,,Upstream,-128.91,0.13,-16.52,0.03,3.25,P2C2 Project - Vanderbilt U
BW-22-111a,,,42.03943,-110.93143,River_or_stream,,Upstream,-128.08,0.13,-16.49,0.01,3.84,P2C2 Project - Vanderbilt U
BW-22-112,Spring Creek,5/24/2022,42.09562,-110.91431,River_or_stream,2060.263923,Upstream,-128.22,0.11,-17.15,0.01,8.98,P2C2 Project - Vanderbilt U
BW-22-113,Bruner Creek,5/25/2022,42.10516,-110.90287,River_or_stream,,Upstream,-129.23,0.06,-16.98,0.02,6.61,P2C2 Project - Vanderbilt U
BW-22-114,Chappel Creek,5/25/2022,42.18098,-110.87957,River_or_stream,,Upstream,-132.08,0.09,-17.12,0.02,4.88,P2C2 Project - Vanderbilt U
BW-22-115,Hawkins Creek,5/25/2022,42.21013,-110.87403,River_or_stream,,Upstream,-126.62,0.05,-16.72,0.02,7.14,P2C2 Project - Vanderbilt U
BW-22-116,Coal Creek,5/25/2022,42.23862,-110.85851,River_or_stream,,Upstream,-127.49,0.08,-16.83,0.01,7.15,P2C2 Project - Vanderbilt U
BW-22-117,Scarmill Creek,5/25/2022,42.23827,-110.85773,River_or_stream,,Upstream,-129.1,0.08,-17.07,0.02,7.46,P2C2 Project - Vanderbilt U
BW-22-118,Tuffield Creek,5/25/2022,42.27897,-110.86795,River_or_stream,,Upstream,-125.32,0.04,-16.22,0.03,4.44,P2C2 Project - Vanderbilt U
BW-22-119,Smiths Fork,5/25/2022,42.29321,-110.87231,River_or_stream,,Upstream,-128.16,0.08,-17.23,0.04,9.68,P2C2 Project - Vanderbilt U
BW-22-120,Bloom Hollow,5/25/2022,42.29761,-110.87083,River_or_stream,,Upstream,-127.74,0.01,-16.63,0.02,5.3,P2C2 Project - Vanderbilt U
BW-22-121,Preachers Hollow,5/25/2022,42.31315,-110.86953,River_or_stream,,Upstream,-126.87,0.02,-16.64,0,6.25,P2C2 Project - Vanderbilt U
BW-22-122,Twins Hollow,5/25/2022,42.26292,-110.867732,River_or_stream,,Upstream,-127.38,0.02,-16.43,0.02,4.06,P2C2 Project - Vanderbilt U
BW-22-123,Smith Fork,5/24/2022,42.0943912,-110.9508459,River_or_stream,2385.01532,Upstream,-127.91,0.02,-17.15,0.02,9.29,P2C2 Project - Vanderbilt U
BW-22-124,Bear River USGS Gauge,5/25/2022,42.21098,-111.05321,River_or_stream,,Upstream,-123.33,0.01,-16.05,0,5.07,P2C2 Project - Vanderbilt U
BW-22-125,Raymond Creek,5/25/2022,42.2766759,-111.0240746,River_or_stream,,Upstream,-125.83,0,-16.59,0.01,6.89,P2C2 Project - Vanderbilt U
BW-22-126,Thomas Fork,5/24/2022,42.32714,-111.06238,River_or_stream,2222.146073,Upstream,-128.24,0.05,-16.91,0.01,7.04,P2C2 Project - Vanderbilt U
BW-22-127,Bischoff Creek,5/25/2022,42.35138,-111.0974,River_or_stream,,Upstream,-125.44,0.02,-15.87,0.02,1.52,P2C2 Project - Vanderbilt U
BW-22-128,Twin Springs Creek,5/25/2022,42.34121,-111.17451,River_or_stream,,Upstream,-131.13,0.02,-17.24,0.01,6.79,P2C2 Project - Vanderbilt U
BW-22-129,Monpellier Creek above reservoir,5/25/2022,42.37143,-111.1717,River_or_stream,,Upstream,-126.33,0.02,-16.63,0.02,6.71,P2C2 Project - Vanderbilt U
BW-22-129a,,,42.37143,-111.1717,River_or_stream,,Upstream,-126.97,0.04,-16.83,0.02,7.67,P2C2 Project - Vanderbilt U
711013,Birch Creek Reservoir Number 2,8/23/2007,41.5055322,-111.3273337,Reservoir,2108.82,Upstream,-113.8652766,,-13.58216134,,,Waterisotopes.org
17-027_PRCP-4-122916,at DOT bldg at snowmobile park Hwy 39,12/29/2016,41.41132,-111.58299,Precipitation,2207.53,Out,-140.8365928,0.081326396,-18.50174303,0.03305363,,Waterisotopes.org
17-027_SNW-4-013017,at DOT bldg at snowmobile park Hwy 39,1/30/2017,41.41132,-111.58299,Snow_pit,2207.53,Out,-148.4780136,0.187207117,-20.09495231,0.028494971,,Waterisotopes.org
17-027_SNW-4-122916,at DOT bldg at snowmobile park Hwy 39,12/29/2016,41.41132,-111.58299,Snow_pit,2207.53,Out,-182.4755808,0.023383198,-23.93734517,0.023521376,,Waterisotopes.org
BHR3a_fall2013,,11/9/2013,41.533149,-111.128383,River_or_stream,,Upstream,-107.0023466,0.037903607,-13.23674834,0.029582815,,Waterisotopes.org
BHR3_fall2013,,11/9/2013,41.532248,-111.132233,River_or_stream,,Upstream,-124.1912341,0.057404416,-16.12238863,0.03895394,,Waterisotopes.org
BHR3_winter2014,,3/10/2014,41.532248,-111.132233,River_or_stream,,Upstream,-117.7868216,0.097937926,-14.92826058,0.035962015,,Waterisotopes.org
BHR4a_winter2014,Bridger_Creek,3/10/2014,41.777049,-111.073626,River_or_stream,,Upstream,-128.1295381,0.660097749,-16.44402226,0.071457959,,Waterisotopes.org
BHR4_fall2013,,11/9/2013,41.777049,-111.073626,River_or_stream,,Upstream,-128.92243,0.100105822,-17.03749369,0.041883441,,Waterisotopes.org
BHR4_winter2014,,3/10/2014,41.777049,-111.073626,River_or_stream,,Upstream,-125.8883502,0.268068247,-16.16781081,0.051216072,,Waterisotopes.org
BHR5_fall2013,,11/9/2013,42.211048,-111.05329,River_or_stream,,Upstream,-126.1400747,0.044155079,-16.34852656,0.02648522,,Waterisotopes.org
BHR5_winter2014,,3/10/2014,42.211048,-111.05329,River_or_stream,,Upstream,-131.469939,0.191773573,-17.09629726,0.037552585,,Waterisotopes.org
BHR6_fall2013,,11/9/2013,42.328455,-111.351357,River_or_stream,,Around,-123.9307553,0.054707465,-15.99551893,0.004786064,,Waterisotopes.org
BHR6_winter2014,,3/10/2014,42.328455,-111.351357,River_or_stream,,Around,-130.399833,0.335564099,-16.96351699,0.044672548,,Waterisotopes.org
BHR7_fall2013,,11/9/2013,42.616215,-111.585912,River_or_stream,,Downstream,-125.0743777,0.106292843,-16.33516225,0.05939914,,Waterisotopes.org
BHR7_winter2014,,3/10/2014,42.616215,-111.585912,River_or_stream,,Downstream,-130.7351699,0.121799695,-17.11688722,0.028373794,,Waterisotopes.org
BrooksStreams_761080,,8/27/2014,41.59255,-111.1415,River_or_stream,,Upstream,-103.8941898,,-12.9178942,,,Waterisotopes.org
BrooksStreams_767020,,8/13/2014,41.97347,-110.7556,River_or_stream,,Upstream,-122.2040961,,-16.0891064,,,Waterisotopes.org
CK_3480,Bear River At Border,4/5/1985,42.21111,-111.053,River_or_stream,1844.52768,Upstream,-131.5,,-17.06,,,Waterisotopes.org
CK_3481,Bear River At Border,5/29/1985,42.21111,-111.053,River_or_stream,1844.52768,Upstream,-126.5,,-16.51,,,Waterisotopes.org
CK_3482,Bear River At Border,7/26/1985,42.21111,-111.053,River_or_stream,1844.52768,Upstream,-121.3,,-15.61,,,Waterisotopes.org
CK_3483,Bear River At Border,9/25/1985,42.21111,-111.053,River_or_stream,1844.52768,Upstream,-125.9,,-16.46,,,Waterisotopes.org
CK_3484,Bear River At Border,11/27/1985,42.21111,-111.053,River_or_stream,1844.52768,Upstream,-129.1,,-17.11,,,Waterisotopes.org
CK_3485,Bear River At Border,1/22/1986,42.21111,-111.053,River_or_stream,1844.52768,Upstream,-130.1,,-17.15,,,Waterisotopes.org
CK_3486,Bear River At Border,3/21/1986,42.21111,-111.053,River_or_stream,1844.52768,Upstream,-126.9,,-16.42,,,Waterisotopes.org
CK_3487,Bear River At Border,4/30/1986,42.21111,-111.053,River_or_stream,1844.52768,Upstream,-127.4,,-16.61,,,Waterisotopes.org
CK_3488,Bear River At Border,7/17/1986,42.21111,-111.053,River_or_stream,1844.52768,Upstream,-126.7,,-16.51,,,Waterisotopes.org
CK_3489,Bear River At Border,9/3/1986,42.21111,-111.053,River_or_stream,1844.52768,Upstream,-125.6,,-16.35,,,Waterisotopes.org
CK_3490,Bear River At Border,12/1/1986,42.21111,-111.053,River_or_stream,1844.52768,Upstream,-128.8,,-16.75,,,Waterisotopes.org
CK_3491,Bear River At Border,1/20/1987,42.21111,-111.053,River_or_stream,1844.52768,Upstream,-128.2,,-16.95,,,Waterisotopes.org
CK_3492,Bear River At Border,3/27/1987,42.21111,-111.053,River_or_stream,1844.52768,Upstream,-126.7,,-16.47,,,Waterisotopes.org
CK_3493,Bear River At Border,6/2/1987,42.21111,-111.053,River_or_stream,1844.52768,Upstream,-114.6,,-14.52,,,Waterisotopes.org
CK_3494,Bear River At Border,7/21/1987,42.21111,-111.053,River_or_stream,1844.52768,Upstream,-118,,-15.05,,,Waterisotopes.org
CK_3495,Bear River At Border,8/10/1987,42.21111,-111.053,River_or_stream,1844.52768,Upstream,-122.9,,-15.65,,,Waterisotopes.org
CK_3496,Bear River At Border,8/26/1987,42.21111,-111.053,River_or_stream,1844.52768,Upstream,-122.6,,-15.93,,,Waterisotopes.org
CK_3497,Bear River At Border,9/3/1987,42.21111,-111.053,River_or_stream,1844.52768,Upstream,-125.5,,-15.98,,,Waterisotopes.org
CK_3498,Bear River At Border,10/5/1987,42.21111,-111.053,River_or_stream,1844.52768,Upstream,-125.3,,-15.99,,,Waterisotopes.org
IDEQ-2014-09-16-5164,IDEQ_8854_2448,9/16/2014,42.287297,-111.287588,Ground,,Around,-130,,-16.6,,,Waterisotopes.org
IDEQ-2014-09-16-5168,IDEQ_8855_2449,9/16/2014,42.322738,-111.248134,Ground,,Around,-137,,-18.1,,,Waterisotopes.org
IDEQ-2014-09-16-5176,IDEQ_8853_2447,9/16/2014,42.213235,-111.054126,Ground,,Upstream,-139,,-18.2,,,Waterisotopes.org
IDEQ-2014-09-16-5179,IDEQ_8843_2438,9/16/2014,42.14289,-111.127291,Ground,,Upstream,-127,,-16.4,,,Waterisotopes.org
IDEQ-2014-09-17-5181,IDEQ_8859_2452,9/17/2014,42.328723,-111.315061,Ground,,Around,-129,,-17,,,Waterisotopes.org
IDEQ-2014-09-17-5184,IDEQ_8852_2446,9/17/2014,42.149895,-111.392228,Ground,,Around,-144,,-18.9,,,Waterisotopes.org
IDEQ-2014-09-17-5189,IDEQ_8860_2453,9/17/2014,42.335299,-111.385942,Ground,,Around,-147,,-19.3,,,Waterisotopes.org
IDEQ-2014-09-17-5198,IDEQ_8861_2454,9/17/2014,42.341045,-111.471916,Ground,,Around,-129,,-17.3,,,Waterisotopes.org
IDEQ-2014-09-23-5220,IDEQ_8858_2451,9/23/2014,42.400526,-111.062953,Ground,,Upstream,-137,,-17.9,,,Waterisotopes.org
IDEQ-2014-09-23-5224,IDEQ_8857_2450,9/23/2014,42.262076,-111.405019,Ground,,Around,-133,,-17.5,,,Waterisotopes.org
IDEQ-2015-09-14-5534,IDEQ_8940_2539,9/14/2015,42.642047,-111.59487,Ground,,Downstream,-131.1,,-17.9,,,Waterisotopes.org
IDEQ-2015-09-14-5536,IDEQ_8942_2540,9/14/2015,42.601399,-111.569589,Ground,,Downstream,-125.1,,-17.4,,,Waterisotopes.org
IDEQ-2015-09-14-5538,IDEQ_8942_2540,9/14/2015,42.601399,-111.569589,Ground,,Downstream,-125,,-17.2,,,Waterisotopes.org
IDEQ-2015-09-15-5540,IDEQ_8943_2541,9/15/2015,42.201064,-111.161571,Ground,,Upstream,-138.2,,-18.5,,,Waterisotopes.org
IDEQ-2015-09-30-5560,IDEQ_8937_2536,9/30/2015,42.634629,-111.622702,Ground,,Downstream,-121.7,,-16.7,,,Waterisotopes.org
isomap_1020,BEAR LAKE,12/31/1994,42.24666667,-111.3383333,Precipitation,1807,Around,-112.4319471,,-16.23449905,,,Waterisotopes.org
NRSA0809-1785,Bear River,7/23/2009,41.59254762,-111.1414827,River_or_stream,,Upstream,-121.6935636,,-15.40166435,,,Waterisotopes.org
NRSA0809-1818,Woodruff Creek,6/24/2008,41.48977821,-111.2582292,River_or_stream,,Upstream,-129.6850729,,-17.58167521,,,Waterisotopes.org
NRSA0809-2011,Little Muddy Creek,6/27/2009,41.65267709,-110.7466022,River_or_stream,,Upstream,-132.190485,,-17.12465801,,,Waterisotopes.org
RF12WY057,Salt Creek,8/8/2012,42.46609,-110.97182,River_or_stream,2017,Upstream,-137.0704111,0.445966051,-18.3100838,0.097157021,,Waterisotopes.org
TW_501_LNM,11. South Logan - Nibley - Millville,5/16/2013,41.959747,-111.590353,River_or_stream,,Out,-130.5286082,0.077952884,-17.61453598,0.02707238,,Waterisotopes.org
TW_504_LNM,11. South Logan - Nibley - Millville,5/16/2013,41.949767,-111.580375,River_or_stream,,Out,-129.0644493,0.063777839,-17.39128538,0.01817839,,Waterisotopes.org
TW_760_SLNM,11. South Logan - Nibley - Millville,9/6/2013,41.949767,-111.580375,River_or_stream,,Out,-129.38,0.05,-17.39,0.003507395,,Waterisotopes.org
UGS_2019_sample_0597,at DOT bldg at snowmobile park Hwy 39,8/11/2016,41.41132,-111.58299,Precipitation,2207.53,Out,-46.535,0.152960301,-6.055,0.049747813,,Waterisotopes.org
UGS_2019_sample_0598,at DOT bldg at snowmobile park Hwy 39,9/8/2016,41.41132,-111.58299,Precipitation,2207.53,Out,-6.406,0.152960301,0.123,0.049747813,,Waterisotopes.org
UGS_2019_sample_0599,at DOT bldg at snowmobile park Hwy 39,9/26/2016,41.41132,-111.58299,Precipitation,2207.53,Out,-133.905,0.167393629,-18.554,0.008363577,,Waterisotopes.org
UGS_2019_sample_0600,at DOT bldg at snowmobile park Hwy 39,10/7/2016,41.41132,-111.58299,Precipitation,2207.53,Out,-73.462,0.229711634,-10.385,0.055435672,,Waterisotopes.org
UGS_2019_sample_0601,at DOT bldg at snowmobile park Hwy 39,11/7/2016,41.41132,-111.58299,Precipitation,2207.53,Out,-82.007,0.263462888,-11.626,0.075292278,,Waterisotopes.org
UGS_2019_sample_0602,at DOT bldg at snowmobile park Hwy 39,12/2/2016,41.41132,-111.58299,Precipitation,2207.53,Out,-102.914,0.263462888,-15.161,0.075292278,,Waterisotopes.org
UGS_2019_sample_0676,at DOT bldg at snowmobile park Hwy 39,12/2/2016,41.41132,-111.58299,Snow_pit,2207.53,Out,-146.297,0.263462888,-20.344,0.075292278,,Waterisotopes.org
UGS_2019_sample_0682,Spring off of Hwy 39 near pass,9/22/2016,41.410067,-111.593484,Spring,2149,Out,-121.18,0.152960301,-16.096,0.049747813,,Waterisotopes.org
UGS_2019_sample_0687,Limestone Spring,9/22/2016,41.38546,-111.59468,Spring,2022.31,Out,-133.437,0.152960301,-18.004,0.049747813,,Waterisotopes.org
Ehl_13041,WPT 16,5/12/2006,40.81301,-111.401,River_or_stream,543.4584,Out,-124.806,,-16.0241,,,Waterisotopes.org
Ehl_13043,WPT 18,5/12/2006,40.80962,-111.408,River_or_stream,545.2872,Out,-127.79,,-16.5293,,,Waterisotopes.org
Ehl_13044,WPT 19,5/12/2006,40.91946,-111.329,River_or_stream,544.068,Out,-122.453,,-16.0935,,,Waterisotopes.org
Ehl_13045,WPT 20,5/12/2006,40.94759,-111.398,Lake,515.7216,Out,-123.354,,-15.9383,,,Waterisotopes.org
Ehl_13046,WPT 21,5/12/2006,40.97219,-111.435,River_or_stream,506.8824,Out,-129.077,,-16.5067,,,Waterisotopes.org
Ehl_13047,WPT 23,5/12/2006,41.01529,-111.492,River_or_stream,494.6904,Out,-123.443,,-16.2047,,,Waterisotopes.org
Ehl_13049,WPT 25,5/12/2006,41.17641,-111.4,Lake,560.2224,Out,-132.21,,-16.8687,,,Waterisotopes.org
Ehl_13050,WPT 26,5/12/2006,41.17109,-111.404,River_or_stream,542.544,Out,-123.891,,-16.3553,,,Waterisotopes.org
Ehl_13051,WPT 27,5/12/2006,41.15214,-111.417,River_or_stream,540.4104,Out,-128.638,,-17.3519,,,Waterisotopes.org
Ehl_13186,WPT 16,5/24/2006,40.81301,-111.401,River_or_stream,543.4584,Out,-126.382,,-16.8611,,,Waterisotopes.org
Ehl_13188,WPT 18,5/24/2006,40.80962,-111.408,River_or_stream,545.2872,Out,-125.192,,-16.6791,,,Waterisotopes.org
Ehl_13189,WPT 19,5/24/2006,40.91946,-111.329,River_or_stream,544.068,Out,-124.745,,-16.839,,,Waterisotopes.org
Ehl_13190,WPT 20,5/24/2006,40.94759,-111.398,Lake,515.7216,Out,-120.577,,-15.9661,,,Waterisotopes.org
Ehl_13191,WPT 21,5/24/2006,40.97219,-111.435,River_or_stream,506.8824,Out,-126.401,,-16.5263,,,Waterisotopes.org
Ehl_13192,WPT 23,5/24/2006,41.01529,-111.492,River_or_stream,494.6904,Out,-122.239,,-16.1537,,,Waterisotopes.org
Ehl_13194,WPT 25,5/24/2006,41.17641,-111.4,Lake,560.2224,Out,-127.131,,-16.8436,,,Waterisotopes.org
Ehl_13195,WPT 26,5/24/2006,41.17109,-111.404,River_or_stream,542.544,Out,-127.223,,-16.7344,,,Waterisotopes.org
Ehl_13196,WPT 27,5/24/2006,41.15214,-111.417,River_or_stream,540.4104,Out,-129.691,,-17.4935,,,Waterisotopes.org
Ehl_13253,WPT 16,7/13/2006,40.81301,-111.401,River_or_stream,543.4584,Out,-128.401,,-17.1943,,,Waterisotopes.org
Ehl_13254,WPT 18,7/13/2006,40.80962,-111.408,River_or_stream,545.2872,Out,-124.859,,-16.3815,,,Waterisotopes.org
Ehl_13255,WPT 19,7/13/2006,40.91946,-111.329,River_or_stream,544.068,Out,-123.707,,-16.3683,,,Waterisotopes.org
Ehl_13256,WPT 20,7/13/2006,40.94759,-111.398,River_or_stream,515.7216,Out,-122.793,,-15.9117,,,Waterisotopes.org
Ehl_13257,WPT 23,7/13/2006,41.01529,-111.492,River_or_stream,494.6904,Out,-125.631,,-16.6598,,,Waterisotopes.org
Ehl_13259,WPT 25,7/13/2006,41.17641,-111.4,River_or_stream,560.2224,Out,-126.64,,-16.3825,,,Waterisotopes.org
Ehl_13260,WPT 26,7/13/2006,41.17109,-111.404,River_or_stream,542.544,Out,-129.274,,-16.9877,,,Waterisotopes.org
Ehl_13261,WPT 27,7/13/2006,41.15214,-111.417,River_or_stream,540.4104,Out,-123.049,,-15.5384,,,Waterisotopes.org
Ehl_13301,WPT 16,6/8/2006,40.81301,-111.401,River_or_stream,543.4584,Out,-126.631,,-17.1967,,,Waterisotopes.org
Ehl_13303,WPT 18,6/8/2006,40.80962,-111.408,River_or_stream,545.2872,Out,-122.903,,-16.3044,,,Waterisotopes.org
Ehl_13304,WPT 19,6/8/2006,40.91946,-111.329,River_or_stream,544.068,Out,-122.63,,-16.7388,,,Waterisotopes.org
Ehl_13305,WPT 20,6/8/2006,40.94759,-111.398,River_or_stream,515.7216,Out,-122.66,,-16.3253,,,Waterisotopes.org
Ehl_13306,WPT 21,6/8/2006,40.97219,-111.435,River_or_stream,506.8824,Out,-125.806,,-16.5567,,,Waterisotopes.org
Ehl_13307,WPT 23,6/8/2006,41.01529,-111.492,River_or_stream,494.6904,Out,-120.581,,-15.8629,,,Waterisotopes.org
Ehl_13309,WPT 25,6/8/2006,41.17641,-111.4,River_or_stream,560.2224,Out,-128.208,,-16.9193,,,Waterisotopes.org
Ehl_13310,WPT 26,6/8/2006,41.17109,-111.404,River_or_stream,542.544,Out,-128.382,,-16.6954,,,Waterisotopes.org
Ehl_13311,WPT 27,6/8/2006,41.15214,-111.417,River_or_stream,540.4104,Out,-129.6,,-17.1991,,,Waterisotopes.org
Ehl_13342,WPT 16,6/29/2006,40.81301,-111.401,River_or_stream,543.4584,Out,-128.384,,-17.1248,,,Waterisotopes.org
Ehl_13344,WPT 18,6/29/2006,40.80962,-111.408,River_or_stream,545.2872,Out,-125.871,,-16.3972,,,Waterisotopes.org
Ehl_13345,WPT 19,6/29/2006,40.91946,-111.329,River_or_stream,544.068,Out,-125.188,,-16.4265,,,Waterisotopes.org
Ehl_13346,WPT 20,6/29/2006,40.94759,-111.398,River_or_stream,515.7216,Out,-123.456,,-15.8919,,,Waterisotopes.org
Ehl_13347,WPT 21,6/29/2006,40.97219,-111.435,River_or_stream,506.8824,Out,-128.41,,-16.5123,,,Waterisotopes.org
Ehl_13348,WPT 23,6/29/2006,41.01529,-111.492,River_or_stream,494.6904,Out,-126.208,,-16.4579,,,Waterisotopes.org
Ehl_13350,WPT 25,6/29/2006,41.17641,-111.4,River_or_stream,560.2224,Out,-127.876,,-16.322,,,Waterisotopes.org
Ehl_13351,WPT 26,6/29/2006,41.17109,-111.404,River_or_stream,542.544,Out,-128.384,,-16.5696,,,Waterisotopes.org
Ehl_13352,WPT 27,6/29/2006,41.15214,-111.417,River_or_stream,540.4104,Out,-128.281,,-16.9296,,,Waterisotopes.org
Ehl_13404,WPT 16,8/15/2006,40.81301,-111.401,River_or_stream,543.4584,Out,-126.846,,-17.0105,,,Waterisotopes.org
Ehl_13406,WPT 18,8/15/2006,40.80962,-111.408,River_or_stream,545.2872,Out,-123.448,,-16.2912,,,Waterisotopes.org
Ehl_13407,WPT 19,8/15/2006,40.91946,-111.329,River_or_stream,544.068,Out,-118.024,,-15.5885,,,Waterisotopes.org
Ehl_13408,WPT 20,8/15/2006,40.94759,-111.398,River_or_stream,515.7216,Out,-117.522,,-15.4101,,,Waterisotopes.org
Ehl_13409,WPT 21,8/15/2006,40.97219,-111.435,River_or_stream,506.8824,Out,-125.256,,-16.2378,,,Waterisotopes.org
Ehl_13411,WPT 23,7/27/2006,41.01529,-111.492,River_or_stream,494.6904,Out,-121.539,,-16.2675,,,Waterisotopes.org
Ehl_13413,WPT 25,7/27/2006,41.17641,-111.4,River_or_stream,560.2224,Out,-121.626,,-15.6207,,,Waterisotopes.org
Ehl_13414,WPT 26,7/27/2006,41.17109,-111.404,River_or_stream,542.544,Out,-122.914,,-15.3744,,,Waterisotopes.org
Ehl_13415,WPT 27,7/27/2006,41.15214,-111.417,River_or_stream,540.4104,Out,-125.964,,-16.6317,,,Waterisotopes.org
Ehl_13443,WPT 16,7/26/2006,40.81301,-111.401,River_or_stream,543.4584,Out,-126.544,,-16.9956,,,Waterisotopes.org
Ehl_13445,WPT 18,7/26/2006,40.80962,-111.408,River_or_stream,545.2872,Out,-125.566,,-16.3788,,,Waterisotopes.org
Ehl_13446,WPT 19,7/26/2006,40.91946,-111.329,River_or_stream,544.068,Out,-113.092,,-13.5582,,,Waterisotopes.org
Ehl_13447,WPT 20,7/26/2006,40.94759,-111.398,River_or_stream,515.7216,Out,-117.03,,-15.0513,,,Waterisotopes.org
Ehl_13448,WPT 21,7/26/2006,40.97219,-111.435,River_or_stream,506.8824,Out,-120.243,,-15.0105,,,Waterisotopes.org
Ehl_13471,WPT 23,8/17/2006,41.01529,-111.492,River_or_stream,494.6904,Out,-119.899,,-15.8505,,,Waterisotopes.org
Ehl_13473,WPT 25,8/17/2006,41.17641,-111.4,River_or_stream,560.2224,Out,-119.955,,-15.3352,,,Waterisotopes.org
Ehl_13474,WPT 26,8/17/2006,41.17109,-111.404,River_or_stream,542.544,Out,-128.912,,-16.7883,,,Waterisotopes.org
Ehl_13475,WPT 27,8/17/2006,41.15214,-111.417,River_or_stream,540.4104,Out,-124.907,,-16.2549,,,Waterisotopes.org
Ehl_13546,WPT 16,9/3/2006,40.81301,-111.401,River_or_stream,543.4584,Out,-122.224,,-15.8711,,,Waterisotopes.org
Ehl_13548,WPT 18,9/3/2006,40.80962,-111.408,River_or_stream,545.2872,Out,-120.969,,-15.5118,,,Waterisotopes.org
Ehl_13549,WPT 19,9/3/2006,40.91946,-111.329,River_or_stream,544.068,Out,-119.053,,-15.6953,,,Waterisotopes.org
Ehl_13550,WPT 20,9/3/2006,40.94759,-111.398,River_or_stream,515.7216,Out,-118.649,,-15.3416,,,Waterisotopes.org
Ehl_13551,WPT 21,9/3/2006,40.97219,-111.435,River_or_stream,506.8824,Out,-127.576,,-16.4685,,,Waterisotopes.org
Ehl_13553,WPT 23,9/4/2006,41.01529,-111.492,River_or_stream,494.6904,Out,-120.926,,-15.7683,,,Waterisotopes.org
Ehl_13555,WPT 25,9/4/2006,41.17641,-111.4,River_or_stream,560.2224,Out,-121.926,,-15.5221,,,Waterisotopes.org
Ehl_13556,WPT 26,9/4/2006,41.17109,-111.404,River_or_stream,542.544,Out,-129.291,,-16.9233,,,Waterisotopes.org
Ehl_13557,WPT 27,9/4/2006,41.15214,-111.417,River_or_stream,540.4104,Out,-127.073,,-16.7477,,,Waterisotopes.org
Ehl_13587,WPT 16,10/2/2006,40.81301,-111.401,River_or_stream,543.4584,Out,-120.886,,-15.7282,,,Waterisotopes.org
Ehl_13589,WPT 18,10/2/2006,40.80962,-111.408,River_or_stream,545.2872,Out,-125.217,,-15.9523,,,Waterisotopes.org
Ehl_13590,WPT 19,10/2/2006,40.91946,-111.329,River_or_stream,544.068,Out,-119.759,,-15.8839,,,Waterisotopes.org
Ehl_13591,WPT 20,10/2/2006,40.94759,-111.398,River_or_stream,515.7216,Out,-118.014,,-15.1318,,,Waterisotopes.org
Ehl_13592,WPT 21,10/2/2006,40.97219,-111.435,River_or_stream,506.8824,Out,-124.942,,-16.0533,,,Waterisotopes.org
Ehl_13623,WPT 23,11/4/2006,41.01529,-111.492,River_or_stream,494.6904,Out,-121.349,,-15.8854,,,Waterisotopes.org
Ehl_13625,WPT 25,11/4/2006,41.17641,-111.4,River_or_stream,560.2224,Out,-125.562,,-16.1588,,,Waterisotopes.org
Ehl_13626,WPT 26,11/4/2006,41.17109,-111.404,River_or_stream,542.544,Out,-125.956,,-16.0642,,,Waterisotopes.org
Ehl_13627,WPT 27,11/4/2006,41.15214,-111.417,River_or_stream,540.4104,Out,-132.311,,-17.3336,,,Waterisotopes.org
Ehl_13656,WPT 16,11/3/2006,40.81301,-111.401,River_or_stream,543.4584,Out,-120.123,,-15.8847,,,Waterisotopes.org
Ehl_13658,WPT 18,11/3/2006,40.80962,-111.408,River_or_stream,545.2872,Out,-128.105,,-16.5573,,,Waterisotopes.org
Ehl_13659,WPT 19,11/3/2006,40.91946,-111.329,River_or_stream,544.068,Out,-124.439,,-15.8909,,,Waterisotopes.org
Ehl_13660,WPT 20,11/3/2006,40.94759,-111.398,River_or_stream,515.7216,Out,-123.705,,-15.7607,,,Waterisotopes.org
Ehl_13661,WPT 21,11/3/2006,40.97219,-111.435,River_or_stream,506.8824,Out,-129.992,,-16.4964,,,Waterisotopes.org
Ehl_13766,WPT 23,9/30/2006,41.01529,-111.492,River_or_stream,494.6904,Out,-119.445,,-15.3441,,,Waterisotopes.org
Ehl_13768,WPT 25,9/30/2006,41.17641,-111.4,River_or_stream,560.2224,Out,-122.311,,-15.493,,,Waterisotopes.org
Ehl_13769,WPT 26,9/30/2006,41.17109,-111.404,River_or_stream,542.544,Out,-113.506,,-12.9351,,,Waterisotopes.org
Ehl_13770,WPT 27,9/30/2006,41.15214,-111.417,River_or_stream,540.4104,Out,-125.089,,-16.155,,,Waterisotopes.org
Ehl_13835,WPT 16,1/19/2007,40.81301,-111.401,River_or_stream,543.4584,Out,-122.231,,-15.9694,,,Waterisotopes.org
Ehl_13837,WPT 18,1/19/2007,40.80962,-111.408,River_or_stream,545.2872,Out,-128.758,,-16.8573,,,Waterisotopes.org
Ehl_13838,WPT 19,1/19/2007,40.91946,-111.329,River_or_stream,544.068,Out,-122.609,,-16.3424,,,Waterisotopes.org
Ehl_13839,WPT 21,1/19/2007,40.97219,-111.435,River_or_stream,506.8824,Out,-127.694,,-16.5858,,,Waterisotopes.org
Ehl_13895,WPT 23,1/21/2007,41.01529,-111.492,River_or_stream,494.6904,Out,-115.102,,-14.9908,,,Waterisotopes.org
Ehl_13897,WPT 26,1/21/2007,41.17109,-111.404,River_or_stream,542.544,Out,-120.546,,-15.8221,,,Waterisotopes.org
Ehl_13925,WPT 16,3/9/2007,40.81301,-111.401,River_or_stream,543.4584,Out,-129.453,,-17.101,,,Waterisotopes.org
Ehl_13927,WPT 18,3/9/2007,40.80962,-111.408,River_or_stream,545.2872,Out,-131.012,,-17.1732,,,Waterisotopes.org
Ehl_13928,WPT 19,3/9/2007,40.91946,-111.329,River_or_stream,544.068,Out,-123.893,,-16.1652,,,Waterisotopes.org
Ehl_13929,WPT 20,3/9/2007,40.94759,-111.398,River_or_stream,515.7216,Out,-122.144,,-15.6925,,,Waterisotopes.org
Ehl_13930,WPT 21,3/9/2007,40.97219,-111.435,River_or_stream,506.8824,Out,-130.827,,-17.7868,,,Waterisotopes.org
Ehl_13932,WPT 23,3/9/2007,41.01529,-111.492,River_or_stream,494.6904,Out,-131.982,,-17.0426,,,Waterisotopes.org
Ehl_13934,WPT 26,3/9/2007,41.17109,-111.404,River_or_stream,542.544,Out,-123.836,,-16.0013,,,Waterisotopes.org
Ehl_13961,WPT 23,4/13/2007,41.01529,-111.492,River_or_stream,494.6904,Out,-117.725,,-14.4892,,,Waterisotopes.org
Ehl_13963,WPT 25,4/13/2007,41.17641,-111.4,River_or_stream,560.2224,Out,-120.606,,-16.0823,,,Waterisotopes.org
Ehl_13964,WPT 26,4/13/2007,41.17109,-111.404,River_or_stream,542.544,Out,-120.373,,-15.8816,,,Waterisotopes.org
Ehl_13965,WPT 27,4/13/2007,41.15214,-111.417,River_or_stream,540.4104,Out,-119.784,,-16.3182,,,Waterisotopes.org
Ehl_13996,WPT 16,4/15/2007,40.81301,-111.401,River_or_stream,543.4584,Out,-120.536,,-16.0627,,,Waterisotopes.org
Ehl_13998,WPT 18,4/15/2007,40.80962,-111.408,River_or_stream,545.2872,Out,-120.112,,-15.9116,,,Waterisotopes.org
Ehl_13999,WPT 19,4/15/2007,40.91946,-111.329,River_or_stream,544.068,Out,-117.225,,-15.8262,,,Waterisotopes.org
Ehl_14000,WPT 20,4/15/2007,40.94759,-111.398,River_or_stream,515.7216,Out,-118.851,,-15.7605,,,Waterisotopes.org
Ehl_14001,WPT 21,4/15/2007,40.97219,-111.435,River_or_stream,506.8824,Out,-121.738,,-16.0529,,,Waterisotopes.org
Ehl_5744,WPT 20,3/29/2005,40.94759,-111.398,Lake,515.7216,Out,-118.589,,-15.4395,,,Waterisotopes.org
Ehl_5745,WPT 21,3/29/2005,40.97219,-111.435,River_or_stream,506.8824,Out,-128.439,,-16.728,,,Waterisotopes.org
Ehl_5768,WPT 16,5/2/2005,40.81301,-111.401,River_or_stream,543.4584,Out,-120.87,,-15.7625,,,Waterisotopes.org
Ehl_5769,WPT 18,5/2/2005,40.80962,-111.408,River_or_stream,545.2872,Out,-122.917,,-16.6367,,,Waterisotopes.org
Ehl_5770,WPT 20,5/2/2005,40.94759,-111.398,Lake,515.7216,Out,-116.121,,-15.1389,,,Waterisotopes.org
Ehl_5771,WPT 21,5/2/2005,40.97219,-111.435,River_or_stream,506.8824,Out,-124.067,,-16.3471,,,Waterisotopes.org
Ehl_5772,WPT 23,5/2/2005,41.01529,-111.492,River_or_stream,494.6904,Out,-120.475,,-15.58,,,Waterisotopes.org
Ehl_5801,WPT 16,5/20/2005,40.81301,-111.401,River_or_stream,543.4584,Out,-119.559,,-15.9194,,,Waterisotopes.org
Ehl_5802,WPT 18,5/20/2005,40.80962,-111.408,River_or_stream,545.2872,Out,-125.801,,-16.722,,,Waterisotopes.org
Ehl_5803,WPT 19,5/20/2005,40.91946,-111.329,River_or_stream,544.068,Out,-125.202,,-16.9715,,,Waterisotopes.org
Ehl_5804,WPT 20,5/20/2005,40.94759,-111.398,Lake,515.7216,Out,-121.062,,-15.8453,,,Waterisotopes.org
Ehl_5805,WPT 21,5/20/2005,40.97219,-111.435,River_or_stream,506.8824,Out,-123.963,,-16.6354,,,Waterisotopes.org
Ehl_5806,WPT 23,5/21/2005,41.01529,-111.492,River_or_stream,494.6904,Out,-121.298,,-15.8433,,,Waterisotopes.org
Ehl_5808,WPT 25,5/21/2005,41.17641,-111.4,Lake,560.2224,Out,-129.904,,-17.1362,,,Waterisotopes.org
Ehl_5809,WPT 26,5/21/2005,41.17109,-111.404,River_or_stream,542.544,Out,-128.392,,-16.9178,,,Waterisotopes.org
Ehl_5810,WPT 27,5/21/2005,41.15214,-111.417,River_or_stream,540.4104,Out,-127.854,,-17.3694,,,Waterisotopes.org
Ehl_5841,WPT 16,6/3/2005,40.81301,-111.401,River_or_stream,543.4584,Out,-122.376,,-16.3742,,,Waterisotopes.org
Ehl_5843,WPT 18,6/3/2005,40.80962,-111.408,River_or_stream,545.2872,Out,-121.421,,-16.2354,,,Waterisotopes.org
Ehl_5844,WPT 19,6/3/2005,40.91946,-111.329,River_or_stream,544.068,Out,-123.885,,-16.6257,,,Waterisotopes.org
Ehl_5845,WPT 20,6/3/2005,40.94759,-111.398,Lake,515.7216,Out,-120.732,,-15.9654,,,Waterisotopes.org
Ehl_5846,WPT 21,6/3/2005,40.97219,-111.435,River_or_stream,506.8824,Out,-121.286,,-15.9534,,,Waterisotopes.org
Ehl_5848,WPT 23,6/5/2005,41.01529,-111.492,River_or_stream,494.6904,Out,-120.817,,-15.8517,,,Waterisotopes.org
Ehl_5850,WPT 25,6/5/2005,41.17641,-111.4,Lake,560.2224,Out,-127.221,,-16.939,,,Waterisotopes.org
Ehl_5851,WPT 26,6/5/2005,41.17109,-111.404,River_or_stream,542.544,Out,-127.793,,-16.7001,,,Waterisotopes.org
Ehl_5852,WPT 27,6/5/2005,41.15214,-111.417,River_or_stream,540.4104,Out,-126.94,,-16.8915,,,Waterisotopes.org
Ehl_5882,WPT 16,6/21/2005,40.81301,-111.401,River_or_stream,543.4584,Out,-122.616,,-16.5667,,,Waterisotopes.org
Ehl_5884,WPT 18,6/21/2005,40.80962,-111.408,River_or_stream,545.2872,Out,-121.09,,-15.8707,,,Waterisotopes.org
Ehl_5885,WPT 19,6/21/2005,40.91946,-111.329,River_or_stream,544.068,Out,-123.284,,-16.4985,,,Waterisotopes.org
Ehl_5886,WPT 20,6/21/2005,40.94759,-111.398,Lake,515.7216,Out,-120.391,,-15.7863,,,Waterisotopes.org
Ehl_5888,WPT 23,6/21/2005,41.01529,-111.492,River_or_stream,494.6904,Out,-120.358,,-15.7976,,,Waterisotopes.org
Ehl_5890,WPT 25,6/21/2005,41.17641,-111.4,Lake,560.2224,Out,-125.627,,-16.615,,,Waterisotopes.org
Ehl_5891,WPT 26,6/21/2005,41.17109,-111.404,River_or_stream,542.544,Out,-127.272,,-16.8127,,,Waterisotopes.org
Ehl_5892,WPT 27,6/21/2005,41.15214,-111.417,River_or_stream,540.4104,Out,-125.732,,-16.8026,,,Waterisotopes.org
Ehl_5923,WPT 16,7/11/2005,40.81301,-111.401,River_or_stream,543.4584,Out,-123.55,,-16.3673,,,Waterisotopes.org
Ehl_5925,WPT 18,7/11/2005,40.80962,-111.408,River_or_stream,545.2872,Out,-122.619,,-16.6295,,,Waterisotopes.org
Ehl_5926,WPT 19,7/11/2005,40.91946,-111.329,River_or_stream,544.068,Out,-123.904,,-16.0714,,,Waterisotopes.org
Ehl_5927,WPT 20,7/11/2005,40.94759,-111.398,Lake,515.7216,Out,-118.665,,-16.6912,,,Waterisotopes.org
Ehl_5928,WPT 21,7/11/2005,40.97219,-111.435,River_or_stream,506.8824,Out,,,-15.536,,,Waterisotopes.org
Ehl_5930,WPT 23,7/14/2005,41.01529,-111.492,River_or_stream,494.6904,Out,-120.909,,-16.2421,,,Waterisotopes.org
Ehl_5932,WPT 25,7/14/2005,41.17641,-111.4,Lake,560.2224,Out,-124.697,,-16.074,,,Waterisotopes.org
Ehl_5933,WPT 26,7/14/2005,41.17109,-111.404,River_or_stream,542.544,Out,-128.761,,-17.0333,,,Waterisotopes.org
Ehl_5934,WPT 27,7/14/2005,41.15214,-111.417,River_or_stream,540.4104,Out,-128.027,,-16.7048,,,Waterisotopes.org
Ehl_5950,WPT 23,7/31/2005,41.01529,-111.492,River_or_stream,494.6904,Out,-122.243,,-16.1219,,,Waterisotopes.org
Ehl_5952,WPT 25,7/31/2005,41.17641,-111.4,Lake,560.2224,Out,-122.577,,-15.8079,,,Waterisotopes.org
Ehl_5953,WPT 26,7/31/2005,41.17109,-111.404,River_or_stream,542.544,Out,-128.699,,-16.9339,,,Waterisotopes.org
Ehl_5954,WPT 27,7/31/2005,41.15214,-111.417,River_or_stream,540.4104,Out,-126.619,,-16.5621,,,Waterisotopes.org
Ehl_5984,WPT 16,8/1/2005,40.81301,-111.401,River_or_stream,543.4584,Out,-121.298,,-16.2895,,,Waterisotopes.org
Ehl_5986,WPT 18,8/1/2005,40.80962,-111.408,River_or_stream,545.2872,Out,-124.239,,-16.1131,,,Waterisotopes.org
Ehl_5987,WPT 19,8/1/2005,40.91946,-111.329,River_or_stream,544.068,Out,-122.277,,-16.208,,,Waterisotopes.org
Ehl_5988,WPT 20,8/1/2005,40.94759,-111.398,Lake,515.7216,Out,-120.945,,-15.1376,,,Waterisotopes.org
Ehl_5989,WPT 21,8/1/2005,40.97219,-111.435,River_or_stream,506.8824,Out,-116.563,,-16.5236,,,Waterisotopes.org
Ehl_5991,WPT 23,8/22/2005,41.01529,-111.492,River_or_stream,494.6904,Out,-120.235,,-15.8669,,,Waterisotopes.org
Ehl_5993,WPT 25,8/22/2005,41.17641,-111.4,Lake,560.2224,Out,-122.536,,-15.6703,,,Waterisotopes.org
Ehl_5994,WPT 26,8/22/2005,41.17109,-111.404,River_or_stream,542.544,Out,-128.949,,-16.9862,,,Waterisotopes.org
Ehl_5995,WPT 27,8/22/2005,41.15214,-111.417,River_or_stream,540.4104,Out,-126.45,,-16.7531,,,Waterisotopes.org
Ehl_6026,WPT 16,8/23/2005,40.81301,-111.401,River_or_stream,543.4584,Out,-122.414,,-16.6088,,,Waterisotopes.org
Ehl_6028,WPT 18,8/23/2005,40.80962,-111.408,River_or_stream,545.2872,Out,-123.694,,-16.3497,,,Waterisotopes.org
Ehl_6029,WPT 19,8/23/2005,40.91946,-111.329,River_or_stream,544.068,Out,-121.703,,-16.1519,,,Waterisotopes.org
Ehl_6030,WPT 20,8/23/2005,40.94759,-111.398,Lake,515.7216,Out,-117.03,,-15.032,,,Waterisotopes.org
Ehl_6031,WPT 21,8/23/2005,40.97219,-111.435,River_or_stream,506.8824,Out,-125.775,,-16.6223,,,Waterisotopes.org
Ehl_6068,WPT 16,9/16/2005,40.81301,-111.401,River_or_stream,543.4584,Out,-123.062,,-16.5196,,,Waterisotopes.org
Ehl_6070,WPT 18,9/16/2005,40.80962,-111.408,River_or_stream,545.2872,Out,-126.443,,-16.2579,,,Waterisotopes.org
Ehl_6071,WPT 19,9/16/2005,40.91946,-111.329,River_or_stream,544.068,Out,-123.889,,-15.8825,,,Waterisotopes.org
Ehl_6072,WPT 20,9/16/2005,40.94759,-111.398,Lake,515.7216,Out,-117.663,,-15.1547,,,Waterisotopes.org
Ehl_6073,WPT 21,9/16/2005,40.97219,-111.435,River_or_stream,506.8824,Out,-126.232,,-16.3941,,,Waterisotopes.org
Ehl_6090,WPT 16,10/5/2005,40.81301,-111.401,River_or_stream,543.4584,Out,-117.727,,-15.7987,,,Waterisotopes.org
Ehl_6092,WPT 18,10/5/2005,40.80962,-111.408,River_or_stream,545.2872,Out,-122.787,,-15.913,,,Waterisotopes.org
Ehl_6093,WPT 19,10/5/2005,40.91946,-111.329,River_or_stream,544.068,Out,-121.007,,-15.6019,,,Waterisotopes.org
Ehl_6094,WPT 20,10/5/2005,40.94759,-111.398,Lake,515.7216,Out,-116.533,,-15.0729,,,Waterisotopes.org
Ehl_6095,WPT 21,10/5/2005,40.97219,-111.435,River_or_stream,506.8824,Out,-126.103,,-16.1541,,,Waterisotopes.org
Ehl_6097,WPT 23,10/8/2005,41.01529,-111.492,River_or_stream,494.6904,Out,-120.261,,-15.2918,,,Waterisotopes.org
Ehl_6099,WPT 25,10/8/2005,41.17641,-111.4,Lake,560.2224,Out,-129.348,,-16.8027,,,Waterisotopes.org
Ehl_6100,WPT 26,10/8/2005,41.17109,-111.404,River_or_stream,542.544,Out,-128.285,,-16.4631,,,Waterisotopes.org
Ehl_6101,WPT 27,10/8/2005,41.15214,-111.417,River_or_stream,540.4104,Out,-128.553,,-16.6035,,,Waterisotopes.org
Ehl_6117,WPT 16,10/27/2005,40.81301,-111.401,River_or_stream,543.4584,Out,-120.117,,-15.8421,,,Waterisotopes.org
Ehl_6119,WPT 18,10/27/2005,40.80962,-111.408,River_or_stream,545.2872,Out,-121.984,,-16.0586,,,Waterisotopes.org
Ehl_6120,WPT 19,10/27/2005,40.91946,-111.329,River_or_stream,544.068,Out,-123.303,,-16.1305,,,Waterisotopes.org
Ehl_6121,WPT 20,10/27/2005,40.94759,-111.398,Lake,515.7216,Out,-115.797,,-15.0105,,,Waterisotopes.org
Ehl_6122,WPT 23,10/30/2005,41.01529,-111.492,River_or_stream,494.6904,Out,-123.066,,-16.0346,,,Waterisotopes.org
Ehl_6124,WPT 25,10/30/2005,41.17641,-111.4,Lake,560.2224,Out,-128.043,,-16.2954,,,Waterisotopes.org
Ehl_6125,WPT 26,10/30/2005,41.17109,-111.404,River_or_stream,542.544,Out,-132.75,,-17.4992,,,Waterisotopes.org
Ehl_6126,WPT 27,10/30/2005,41.15214,-111.417,River_or_stream,540.4104,Out,-134.998,,-17.594,,,Waterisotopes.org
Ehl_6151,WPT 16,12/14/2005,40.81301,-111.401,River_or_stream,543.4584,Out,-123.04,,-15.9104,,,Waterisotopes.org
Ehl_6153,WPT 18,12/14/2005,40.80962,-111.408,River_or_stream,545.2872,Out,-129.749,,-16.7295,,,Waterisotopes.org
Ehl_6154,WPT 19,12/14/2005,40.91946,-111.329,River_or_stream,544.068,Out,-127.168,,-16.5713,,,Waterisotopes.org
Ehl_6155,WPT 21,12/14/2005,40.97219,-111.435,River_or_stream,506.8824,Out,-129.181,,-16.4011,,,Waterisotopes.org
Ehl_6157,WPT 25,12/15/2005,41.17641,-111.4,Lake,560.2224,Out,-126.845,,-15.925,,,Waterisotopes.org
Ehl_6158,WPT 26,12/15/2005,41.17109,-111.404,River_or_stream,542.544,Out,-127.695,,-16.1872,,,Waterisotopes.org
Ehl_7484,WPT 16,2/3/2006,40.81301,-111.401,River_or_stream,543.4584,Out,-120.853,,-16.3945,,,Waterisotopes.org
Ehl_7486,WPT 18,2/3/2006,40.80962,-111.408,River_or_stream,545.2872,Out,-128.355,,-17.0024,,,Waterisotopes.org
Ehl_7487,WPT 19,2/3/2006,40.91946,-111.329,River_or_stream,544.068,Out,-125.319,,-16.5936,,,Waterisotopes.org
Ehl_7488,WPT 20,2/3/2006,40.94759,-111.398,Lake,515.7216,Out,-117.828,,-15.4552,,,Waterisotopes.org
Ehl_7489,WPT 21,2/3/2006,40.97219,-111.435,River_or_stream,506.8824,Out,-126.374,,-16.4125,,,Waterisotopes.org
Ehl_7490,WPT 23,2/3/2006,41.01529,-111.492,River_or_stream,494.6904,Out,-122.812,,-15.9315,,,Waterisotopes.org
Ehl_7492,WPT 25,2/3/2006,41.17641,-111.4,Lake,560.2224,Out,-127.854,,-16.3513,,,Waterisotopes.org
Ehl_7493,WPT 26,2/3/2006,41.17109,-111.404,River_or_stream,542.544,Out,-125.994,,-16.4754,,,Waterisotopes.org
Ehl_7494,WPT 27,2/3/2006,41.15214,-111.417,River_or_stream,540.4104,Out,-132.505,,-17.5426,,,Waterisotopes.org
Ehl_7518,WPT 16,3/6/2006,40.81301,-111.401,River_or_stream,543.4584,Out,-121.506,,-16.2331,,,Waterisotopes.org
Ehl_7520,WPT 18,3/6/2006,40.80962,-111.408,River_or_stream,545.2872,Out,-122.253,,-16.5198,,,Waterisotopes.org
Ehl_7521,WPT 19,3/6/2006,40.91946,-111.329,River_or_stream,544.068,Out,-121.48,,-16.184,,,Waterisotopes.org
Ehl_7522,WPT 20,3/6/2006,40.94759,-111.398,Lake,515.7216,Out,-102.583,,-13.2533,,,Waterisotopes.org
Ehl_7523,WPT 21,3/6/2006,40.97219,-111.435,River_or_stream,506.8824,Out,-123.814,,-16.1981,,,Waterisotopes.org
Ehl_7524,WPT 23,3/6/2006,41.01529,-111.492,River_or_stream,494.6904,Out,-119.362,,-15.6843,,,Waterisotopes.org
Ehl_7526,WPT 25,3/6/2006,41.17641,-111.4,Lake,560.2224,Out,-123.866,,-16.1251,,,Waterisotopes.org
Ehl_7527,WPT 26,3/6/2006,41.17109,-111.404,River_or_stream,542.544,Out,-125.884,,-16.5783,,,Waterisotopes.org
Ehl_7528,WPT 27,3/6/2006,41.15214,-111.417,River_or_stream,540.4104,Out,-130.167,,-17.3253,,,Waterisotopes.org
Ehl_7557,WPT 16,4/13/2006,40.81301,-111.401,River_or_stream,543.4584,Out,-121.676,,-16.3852,,,Waterisotopes.org
Ehl_7559,WPT 18,4/13/2006,40.80962,-111.408,River_or_stream,545.2872,Out,-128.423,,-17.1667,,,Waterisotopes.org
Ehl_7560,WPT 19,4/13/2006,40.91946,-111.329,River_or_stream,544.068,Out,-122.213,,-16.2713,,,Waterisotopes.org
Ehl_7561,WPT 20,4/13/2006,40.94759,-111.398,Lake,515.7216,Out,-121.029,,-15.9971,,,Waterisotopes.org
Ehl_7562,WPT 21,4/13/2006,40.97219,-111.435,River_or_stream,506.8824,Out,-125.987,,,,,Waterisotopes.org
Ehl_7563,WPT 23,4/13/2006,41.01529,-111.492,River_or_stream,494.6904,Out,-119.599,,-15.9695,,,Waterisotopes.org
Ehl_7565,WPT 25,4/13/2006,41.17641,-111.4,Lake,560.2224,Out,-122.49,,-15.76,,,Waterisotopes.org
Ehl_7566,WPT 26,4/13/2006,41.17109,-111.404,River_or_stream,542.544,Out,-124.644,,-16.3486,,,Waterisotopes.org
Ehl_7567,WPT 27,4/13/2006,41.15214,-111.417,River_or_stream,540.4104,Out,-132.318,,-17.8754,,,Waterisotopes.org
711084,Dean Lake,8/29/2007,40.67877769,-110.7617077,Lake,3277.17,Upstream,-108.1995712,,-13.8198148,,,Waterisotopes.org
711248,Trail Lake,9/14/2007,40.68363702,-110.9547924,Lake,2992.89,Upstream,-105.3820694,,-13.00322842,,,Waterisotopes.org
BHR1_fall2013,,11/9/2013,41.168241,-110.878549,River_or_stream,,Upstream,-120.9141083,0.190983413,-16.24507244,0.075589894,,Waterisotopes.org
BHR1_winter2014,,3/10/2014,41.168241,-110.878549,River_or_stream,,Upstream,-126.7096995,0.101719862,-16.75061911,0.010118611,,Waterisotopes.org
BHR2_fall2013,,11/9/2013,41.270439,-110.957781,River_or_stream,,Upstream,-119.6461953,0.149888566,-16.03575345,0.023741228,,Waterisotopes.org
BHR2_winter2014,,3/10/2014,41.270439,-110.957781,River_or_stream,,Upstream,-124.6090987,0.260715749,-16.4308431,0.02772545,,Waterisotopes.org
Ehl_13026,WPT 01,5/12/2006,40.74432,-111.10777,River_or_stream,717.4992,Upstream,,,-17.16992831,,,Waterisotopes.org
Ehl_13027,WPT 02,5/12/2006,40.76057,-111.09933,Lake,715.9752,Upstream,-125.4342074,,-17.15076219,,,Waterisotopes.org
Ehl_13028,WPT 03,5/12/2006,40.78584,-111.11253,River_or_stream,687.0192,Upstream,,,-16.94028368,,,Waterisotopes.org
Ehl_13171,WPT 01,5/24/2006,40.74432,-111.10777,River_or_stream,717.4992,Upstream,-129.9157896,,-17.57868009,,,Waterisotopes.org
Ehl_13172,WPT 02,5/24/2006,40.76057,-111.09933,Lake,715.9752,Upstream,-129.4243672,,-17.5120453,,,Waterisotopes.org
Ehl_13173,WPT 03,5/24/2006,40.78584,-111.11253,River_or_stream,687.0192,Upstream,-129.6622653,,-17.57662442,,,Waterisotopes.org
Ehl_13239,WPT 02,7/13/2006,40.76057,-111.09933,River_or_stream,715.9752,Upstream,-121.0617494,,-16.27639832,,,Waterisotopes.org
Ehl_13240,WPT 03,7/13/2006,40.78584,-111.11253,River_or_stream,687.0192,Upstream,-120.5422254,,-15.84345504,,,Waterisotopes.org
Ehl_13286,WPT 01,6/8/2006,40.74432,-111.10777,River_or_stream,717.4992,Upstream,-123.5443649,,-16.98214134,,,Waterisotopes.org
Ehl_13287,WPT 02,6/8/2006,40.76057,-111.09933,River_or_stream,715.9752,Upstream,-127.0755204,,-17.24130108,,,Waterisotopes.org
Ehl_13288,WPT 03,6/8/2006,40.78584,-111.11253,River_or_stream,687.0192,Upstream,-127.0672506,,-17.22816628,,,Waterisotopes.org
Ehl_13327,WPT 01,6/29/2006,40.74432,-111.10777,River_or_stream,717.4992,Upstream,-126.2297991,,-17.04885717,,,Waterisotopes.org
Ehl_13328,WPT 02,6/29/2006,40.76057,-111.09933,River_or_stream,715.9752,Upstream,-124.2291931,,-16.71070451,,,Waterisotopes.org
Ehl_13329,WPT 03,6/29/2006,40.78584,-111.11253,River_or_stream,687.0192,Upstream,-126.1623785,,-17.04631564,,,Waterisotopes.org
Ehl_13389,WPT 01,8/15/2006,40.74432,-111.10777,River_or_stream,717.4992,Upstream,-120.676308,,-16.17521359,,,Waterisotopes.org
Ehl_13390,WPT 02,8/15/2006,40.76057,-111.09933,River_or_stream,715.9752,Upstream,-119.1448505,,-15.95615348,,,Waterisotopes.org
Ehl_13391,WPT 03,8/15/2006,40.78584,-111.11253,River_or_stream,687.0192,Upstream,-126.030683,,-17.19632572,,,Waterisotopes.org
Ehl_13430,WPT 02,7/26/2006,40.76057,-111.09933,River_or_stream,715.9752,Upstream,-112.9681847,,-13.63898572,,,Waterisotopes.org
Ehl_13431,WPT 03,7/26/2006,40.78584,-111.11253,River_or_stream,687.0192,Upstream,-124.698872,,-16.30907038,,,Waterisotopes.org
Ehl_13531,WPT 01,9/3/2006,40.74432,-111.10777,River_or_stream,717.4992,Upstream,-122.3034674,,-16.45397666,,,Waterisotopes.org
Ehl_13532,WPT 02,9/3/2006,40.76057,-111.09933,River_or_stream,715.9752,Upstream,-117.6283362,,-15.32841427,,,Waterisotopes.org
Ehl_13533,WPT 03,9/3/2006,40.78584,-111.11253,River_or_stream,687.0192,Upstream,-127.0641656,,-17.18559013,,,Waterisotopes.org
Ehl_13572,WPT 01,10/2/2006,40.74432,-111.10777,River_or_stream,717.4992,Upstream,-114.5131824,,-15.31270172,,,Waterisotopes.org
Ehl_13573,WPT 02,10/2/2006,40.76057,-111.09933,River_or_stream,715.9752,Upstream,-118.8284184,,-15.7034125,,,Waterisotopes.org
Ehl_13574,WPT 03,10/2/2006,40.78584,-111.11253,River_or_stream,687.0192,Upstream,-124.7972378,,-16.82690548,,,Waterisotopes.org
Ehl_13642,WPT 02,11/3/2006,40.76057,-111.09933,River_or_stream,715.9752,Upstream,-121.6549167,,-15.95463903,,,Waterisotopes.org
Ehl_13643,WPT 03,11/3/2006,40.78584,-111.11253,River_or_stream,687.0192,Upstream,-126.6885336,,-16.80063708,,,Waterisotopes.org
Ehl_13765,WPT 01,11/1/2006,40.74432,-111.10777,River_or_stream,717.4992,Upstream,-117.588069,,-15.83374722,,,Waterisotopes.org
Ehl_13981,WPT 01,4/15/2007,40.74432,-111.10777,River_or_stream,717.4992,Upstream,-121.3936098,,-16.34450878,,,Waterisotopes.org
Ehl_13982,WPT 02,4/15/2007,40.76057,-111.09933,River_or_stream,715.9752,Upstream,-120.4660633,,-16.07596838,,,Waterisotopes.org
Ehl_13983,WPT 03,4/15/2007,40.78584,-111.11253,River_or_stream,687.0192,Upstream,-124.9268061,,-16.53417103,,,Waterisotopes.org
Ehl_5786,WPT 01,5/20/2005,40.74432,-111.10777,River_or_stream,717.4992,Upstream,-124.6414093,,-17.12791226,,,Waterisotopes.org
Ehl_5787,WPT 02,5/20/2005,40.76057,-111.09933,Lake,715.9752,Upstream,-122.9041948,,-16.61169516,,,Waterisotopes.org
Ehl_5788,WPT 03,5/20/2005,40.78584,-111.11253,River_or_stream,687.0192,Upstream,-121.6712703,,-16.75631854,,,Waterisotopes.org
Ehl_5826,WPT 01,6/3/2005,40.74432,-111.10777,River_or_stream,717.4992,Upstream,-125.3351115,,-17.07826591,,,Waterisotopes.org
Ehl_5827,WPT 02,6/3/2005,40.76057,-111.09933,Lake,715.9752,Upstream,-125.1101188,,-17.00170082,,,Waterisotopes.org
Ehl_5828,WPT 03,6/3/2005,40.78584,-111.11253,River_or_stream,687.0192,Upstream,-126.488027,,-17.11928898,,,Waterisotopes.org
Ehl_5868,WPT 01,6/21/2005,40.74432,-111.10777,River_or_stream,717.4992,Upstream,-125.2703506,,-17.14921159,,,Waterisotopes.org
Ehl_5869,WPT 02,6/21/2005,40.76057,-111.09933,Lake,715.9752,Upstream,-124.5588236,,-16.86769239,,,Waterisotopes.org
Ehl_5870,WPT 03,6/21/2005,40.78584,-111.11253,River_or_stream,687.0192,Upstream,-125.5702077,,-17.03708583,,,Waterisotopes.org
Ehl_5908,WPT 01,7/11/2005,40.74432,-111.10777,River_or_stream,717.4992,Upstream,-122.6593839,,-16.82883469,,,Waterisotopes.org
Ehl_5909,WPT 02,7/11/2005,40.76057,-111.09933,Lake,715.9752,Upstream,-123.2175406,,-16.58060056,,,Waterisotopes.org
Ehl_5910,WPT 03,7/11/2005,40.78584,-111.11253,River_or_stream,687.0192,Upstream,-123.2064055,,-16.64291496,,,Waterisotopes.org
Ehl_5970,WPT 01,8/1/2005,40.74432,-111.10777,River_or_stream,717.4992,Upstream,-121.5706683,,-16.58217379,,,Waterisotopes.org
Ehl_5971,WPT 02,8/1/2005,40.76057,-111.09933,Lake,715.9752,Upstream,-117.0074873,,-16.18733751,,,Waterisotopes.org
Ehl_5972,WPT 03,8/1/2005,40.78584,-111.11253,River_or_stream,687.0192,Upstream,-125.091091,,-17.01439209,,,Waterisotopes.org
Ehl_6011,WPT 01,8/23/2005,40.74432,-111.10777,River_or_stream,717.4992,Upstream,-121.4963834,,-16.57617119,,,Waterisotopes.org
Ehl_6012,WPT 02,8/23/2005,40.76057,-111.09933,Lake,715.9752,Upstream,-117.7624694,,-15.92770279,,,Waterisotopes.org
Ehl_6013,WPT 03,8/23/2005,40.78584,-111.11253,River_or_stream,687.0192,Upstream,-124.1784087,,-16.95542858,,,Waterisotopes.org
Ehl_6053,WPT 01,9/16/2005,40.74432,-111.10777,River_or_stream,717.4992,Upstream,-119.0475435,,-16.29829817,,,Waterisotopes.org
Ehl_6054,WPT 02,9/16/2005,40.76057,-111.09933,Lake,715.9752,Upstream,-117.334067,,-16.12890754,,,Waterisotopes.org
Ehl_6055,WPT 03,9/16/2005,40.78584,-111.11253,River_or_stream,687.0192,Upstream,-126.4628128,,-17.28128141,,,Waterisotopes.org
Ehl_6075,WPT 01,10/5/2005,40.74432,-111.10777,River_or_stream,717.4992,Upstream,-118.788201,,-16.16135805,,,Waterisotopes.org
Ehl_6076,WPT 02,10/5/2005,40.76057,-111.09933,Lake,715.9752,Upstream,-115.6282656,,-15.85501542,,,Waterisotopes.org
Ehl_6077,WPT 03,10/5/2005,40.78584,-111.11253,River_or_stream,687.0192,Upstream,-121.8590763,,-16.78264502,,,Waterisotopes.org
Ehl_6102,WPT 01,10/27/2005,40.74432,-111.10777,River_or_stream,717.4992,Upstream,-124.593365,,-16.53854845,,,Waterisotopes.org
Ehl_6103,WPT 02,10/27/2005,40.76057,-111.09933,Lake,715.9752,Upstream,-123.6843612,,-16.30090771,,,Waterisotopes.org
Ehl_6104,WPT 03,10/27/2005,40.78584,-111.11253,River_or_stream,687.0192,Upstream,-130.4478108,,-17.23139797,,,Waterisotopes.org
Ehl_6141,WPT 03,12/14/2005,40.78584,-111.11253,River_or_stream,687.0192,Upstream,-130.807701,,-16.98559673,,,Waterisotopes.org
Ehl_7472,WPT 03,2/3/2006,40.78584,-111.11253,River_or_stream,687.0192,Upstream,-124.366807,,-16.72497273,,,Waterisotopes.org
Ehl_7505,WPT 03,3/6/2006,40.78584,-111.11253,River_or_stream,687.0192,Upstream,-123.3286467,,-16.61882136,,,Waterisotopes.org
Ehl_7544,WPT 03,4/13/2006,40.78584,-111.11253,River_or_stream,687.0192,Upstream,-125.1830923,,-16.53188463,,,Waterisotopes.org
NRSA0809-1821,Unnamed Stream,7/7/2009,40.86653858,-110.9017106,River_or_stream,,Upstream,-129.5435773,,-17.47940134,,,Waterisotopes.org
SSC-16-1-01,Trial Lake,6/14/2016,40.67934,-110.95553,Lake,2889,Upstream,-113.99,0.1,-15.17,0.03,,Waterisotopes.org
SSC-16-1-02,Trial Lake snowmelt,6/14/2016,40.67887,-110.95525,River_or_stream,2896,Upstream,-127.35,0.07,-17.31,0.03,,Waterisotopes.org
SSC-16-4-13,,6/14/2016,40.75994,-111.071037,Lake,1671,Upstream,-113.93,0.08,-15.12,0.01,,Waterisotopes.org
Bear1_Jan2014,,1/7/2014,41.480052,-112.266496,River_or_stream,,Downstream,-123.2704709,0.038013832,-16.05920084,0.042493791,,Waterisotopes.org
Bear1_Nov_2013,,11/1/2013,41.480052,-112.266496,River_or_stream,,Downstream,-113.677667,0.144142005,-14.34650786,0.022901514,,Waterisotopes.org
Bear2_Nov_2013,,11/1/2013,41.466012,-112.215819,River_or_stream,,Downstream,-114.7776536,0.104336072,-14.64200988,0.017301028,,Waterisotopes.org
BHR10_fall2013,,11/9/2013,42.166144,-111.831622,River_or_stream,,Downstream,-111.1693379,0.076887404,-13.77779777,0.033664585,,Waterisotopes.org
BHR10_winter2014,,3/10/2014,42.166144,-111.831622,River_or_stream,,Downstream,-125.5008633,0.068383599,-16.27366799,0.024649415,,Waterisotopes.org
BHR11_fall2013,,11/9/2013,41.922298,-111.906113,River_or_stream,,Downstream,-111.5492477,0.122163603,-13.8455758,0.067602213,,Waterisotopes.org
BHR11_winter2014,,3/10/2014,41.922298,-111.906113,River_or_stream,,Downstream,-124.3733647,0.126135473,-16.06067204,0.017050172,,Waterisotopes.org
BHR12_fall2013,,11/9/2013,41.801112,-111.909865,River_or_stream,,Downstream,-112.1767454,0.076079103,-14.00410276,0.026907694,,Waterisotopes.org
BHR12_winter2014,,3/10/2014,41.801112,-111.909865,River_or_stream,,Downstream,-123.8311311,0.184743701,-15.96006669,0.014362423,,Waterisotopes.org
BHR13_fall2013,,11/9/2013,41.713164,-112.117025,River_or_stream,,Downstream,-119.847585,0.05277115,-15.80354469,0.041162515,,Waterisotopes.org
BHR13_winter2014,,3/10/2014,41.713164,-112.117025,River_or_stream,,Downstream,-122.6039885,0.160486431,-15.93444683,0.042973315,,Waterisotopes.org
BHR14_fall2013,,11/9/2013,41.545747,-112.095198,River_or_stream,,Downstream,-115.6321179,0.128511649,-14.69801362,0.048581752,,Waterisotopes.org
BHR14_winter2014,,3/10/2014,41.545747,-112.095198,River_or_stream,,Downstream,-121.988518,0.162473912,-15.78387468,0.043707256,,Waterisotopes.org
BHR15_fall2013,,11/9/2013,41.480052,-112.266496,River_or_stream,,Downstream,-113.2475593,0.052819006,-14.36997963,0.007802024,,Waterisotopes.org
BHR15_winter2014,,3/10/2014,41.480052,-112.266496,River_or_stream,,Downstream,-119.0656462,0.11551764,-15.27442866,0.017474564,,Waterisotopes.org
BHR8_fall2013,,11/9/2013,42.586163,-111.730245,River_or_stream,,Downstream,-112.5032048,0.163973185,-13.88412193,0.034279162,,Waterisotopes.org
BHR8_winter2014,,3/10/2014,42.586163,-111.730245,River_or_stream,,Downstream,-130.6100018,0.254526699,-17.14338263,0.05705158,,Waterisotopes.org
BHR9_fall2013,,11/9/2013,42.347112,-111.713562,River_or_stream,,Downstream,-113.681578,0.077014986,-14.27824909,0.015246276,,Waterisotopes.org
BHR9_winter2014,,3/10/2014,42.347112,-111.713562,River_or_stream,,Downstream,-126.3812546,0.269060375,-16.47973634,0.049087766,,Waterisotopes.org
BrooksStreams_753780,,7/16/2014,42.43042,-111.7891,River_or_stream,,Downstream,-124.5651413,,-16.7171295,,,Waterisotopes.org
CK_3499,Bear River Near Corinne ,12/31/1984,41.57639,-112.1,River_or_stream,1281.56208,Downstream,-114.7,,-14.33,,,Waterisotopes.org
CK_3500,Bear River Near Corinne ,1/25/1985,41.57639,-112.1,River_or_stream,1281.56208,Downstream,-121,,-15.52,,,Waterisotopes.org
CK_3501,Bear River Near Corinne ,5/28/1985,41.57639,-112.1,River_or_stream,1281.56208,Downstream,-123,,-16.17,,,Waterisotopes.org
CK_3502,Bear River Near Corinne ,9/10/1985,41.57639,-112.1,River_or_stream,1281.56208,Downstream,-109.1,,-13.33,,,Waterisotopes.org
CK_3503,Bear River Near Corinne ,12/4/1985,41.57639,-112.1,River_or_stream,1281.56208,Downstream,-122.8,,-15.9,,,Waterisotopes.org
CK_3504,Bear River Near Corinne ,3/20/1986,41.57639,-112.1,River_or_stream,1281.56208,Downstream,-126.1,,-16.37,,,Waterisotopes.org
CK_3505,Bear River Near Corinne ,5/2/1986,41.57639,-112.1,River_or_stream,1281.56208,Downstream,-122.2,,-16.08,,,Waterisotopes.org
CK_3506,Bear River Near Corinne ,8/26/1986,41.57639,-112.1,River_or_stream,1281.56208,Downstream,-113.2,,-13.95,,,Waterisotopes.org
CK_3507,Bear River Near Corinne ,12/3/1986,41.57639,-112.1,River_or_stream,1281.56208,Downstream,-115.5,,-14.37,,,Waterisotopes.org
CK_3508,Bear River Near Corinne ,3/26/1987,41.57639,-112.1,River_or_stream,1281.56208,Downstream,-123.5,,-16.14,,,Waterisotopes.org
CK_3509,Bear River Near Corinne ,6/4/1987,41.57639,-112.1,River_or_stream,1281.56208,Downstream,-113.9,,-14.76,,,Waterisotopes.org
CK_3510,Bear River Near Corinne ,9/2/1987,41.57639,-112.1,River_or_stream,1281.56208,Downstream,-109.1,,-13.36,,,Waterisotopes.org
CK_3511,Bear River Near Corinne ,10/6/1987,41.57639,-112.1,River_or_stream,1281.56208,Downstream,-116.3,,-14.46,,,Waterisotopes.org
nwisid.01.01300822,15S 40E 31DDD1,8/21/2013,42.0679722,-111.8181667,Ground,1427.988,Downstream,-127,,-16.36,,,Waterisotopes.org
nwisut.01.01202199,(B-10- 3)24abb- 1,9/5/2012,41.5935278,-112.1289167,Ground,1289.304,Downstream,-110,,-13.52,,,Waterisotopes.org
nwisut.01.01202258,MALAD RIVER AT 15600 NORTH,9/14/2012,41.7925,-112.136,River_or_stream,1310.64,Downstream,-116,,-13.94,,,Waterisotopes.org
nwisut.01.01202259,MALAD RIVER AT 14400 NORTH,9/14/2012,41.7704722,-112.142611,River_or_stream,1309.116,Downstream,-114,,-13.69,,,Waterisotopes.org
nwisut.01.01202260,MALAD RIVER AT 12800 NORTH,9/14/2012,41.7417222,-112.143361,River_or_stream,1310.64,Downstream,-113,,-13.68,,,Waterisotopes.org
nwisut.01.01202261,MALAD RIVER AT 1200 SOUTH,9/14/2012,41.6974167,-112.1616389,River_or_stream,1304.544,Downstream,-113,,-13.55,,,Waterisotopes.org
nwisut.01.01202262,MALAD RIVER SOUTH OF BEAR RIVER CITY,9/5/2012,41.5936472,-112.1287306,River_or_stream,,Downstream,-98.29,,-11.04,,,Waterisotopes.org
nwisut.01.01301263,(B-11- 3)10ddd- 1,2/20/2013,41.6974167,-112.1618333,Ground,1309.116,Downstream,-115,,-14.85,,,Waterisotopes.org
nwisut.01.01301685,(B-12- 2)32acc- 1,8/19/2013,41.7350833,-112.094361,Ground,1397.508,Downstream,-119,,-15.69,,,Waterisotopes.org
nwisut.01.01302011,(B-10- 2) 5abd  formerly (B-10- 2) 5abd-S1,4/12/2013,41.6382642,-112.090227,Ground,1299.972,Downstream,-112,,-13.85,,,Waterisotopes.org
nwisut.01.98103729,(A-13- 1)29bcd- 1,7/17/1981,41.8388174,-111.8685573,Ground,1356.36,Downstream,-129,,-16.5,,,Waterisotopes.org
nwisut.01.99800773,(B-12- 2)20dbd- 1,8/26/1998,41.7622471,-112.0909873,Ground,1382.268,Downstream,-122,,-15.58,,,Waterisotopes.org
nwisut.01.99800774,(B-11- 2)28bad- 1,8/26/1998,41.6672996,-112.0769188,Ground,1351.788,Downstream,-121,,-16.1,,,Waterisotopes.org
nwisut.01.99800787,16S 39E 07CDB1,9/2/1998,42.04498,-111.9498998,Ground,1392.936,Downstream,-130,,-16.96,,,Waterisotopes.org
nwisut.01.99900013,(B-12- 2)17cac- 1,10/8/1998,41.7752579,-112.1003546,Ground,1338.072,Downstream,-127,,-16.75,,,Waterisotopes.org
nwisut.01.99900082,16S 38E 13CDA1,10/27/1998,42.0313468,-111.9653834,Ground,1418.844,Downstream,-129,,-16.9,,,Waterisotopes.org
SSC-13-4-1,,6/18/2013,41.54589197,-112.095015,River_or_stream,,Downstream,-113.5349,0.1621,-13.843,0.0618,,Waterisotopes.org
SSC-13-4-10,,6/18/2013,41.47916397,-112.26623,River_or_stream,,Downstream,-111.2379,0.0389,-13.355,0.0239,,Waterisotopes.org
SSC-13-4-11,,6/18/2013,41.48152297,-112.278749,River_or_stream,,Downstream,-54.5462,0.1427,0.7342,0.0278,,Waterisotopes.org
SSC-13-4-12,,6/18/2013,41.481369,-112.278476,River_or_stream,,Downstream,-43.2963,0.1489,3.1031,0.0348,,Waterisotopes.org
SSC-13-4-13,,6/18/2013,41.48371601,-112.297073,River_or_stream,,Downstream,-67.6998,0.0568,-2.9343,0.0498,,Waterisotopes.org
SSC-13-4-14,,6/18/2013,41.48367,-112.297008,River_or_stream,,Downstream,-60.6985,0.136,-1.7566,0.0429,,Waterisotopes.org
SSC-13-4-2,,6/18/2013,41.53114703,-112.078856,River_or_stream,,Downstream,-115.642,0.1306,-14.331,0.0267,,Waterisotopes.org
SSC-13-4-3,,6/18/2013,41.53163896,-112.078734,River_or_stream,,Downstream,-101.521,0.133,-11.1598,0.0224,,Waterisotopes.org
SSC-13-4-4,,6/18/2013,41.48167804,-112.145938,River_or_stream,,Downstream,-112.7458,0.1725,-13.6761,0.0318,,Waterisotopes.org
SSC-13-4-5,,6/18/2013,41.46972402,-112.169724,River_or_stream,,Downstream,-112.5444,0.1073,-13.5847,0.0163,,Waterisotopes.org
SSC-13-4-6,,6/18/2013,41.46558596,-112.215704,River_or_stream,,Downstream,-112.8489,0.1364,-13.6878,0.0235,,Waterisotopes.org
SSC-13-4-7,,6/18/2013,41.46558101,-112.216952,River_or_stream,,Downstream,-113.0608,0.1474,-13.687,0.0226,,Waterisotopes.org
SSC-13-4-8,,6/18/2013,41.48015798,-112.244475,River_or_stream,,Downstream,-112.6247,0.0701,-13.5683,0.0343,,Waterisotopes.org
SSC-13-4-9,,6/18/2013,41.47987803,-112.266387,River_or_stream,,Downstream,-112.1722,0.128,-13.4673,0.0243,,Waterisotopes.org
TW_1192_LR,8. Lewiston - Richmond,9/6/2013,41.925057,-111.894752,Canal,,Downstream,-90.37995729,0.060907268,-9.704981242,0.025139363,,Waterisotopes.org
TW_1210_LR,8. Lewiston - Richmond,9/6/2013,41.974455,-111.944225,River_or_stream,,Downstream,-88.79553355,0.094076795,-9.486648578,0.006532523,,Waterisotopes.org
TW_1213_LR,8. Lewiston - Richmond,9/6/2013,41.974455,-111.944225,Canal,,Downstream,-88.34738392,0.084551803,-9.375974548,0.040894877,,Waterisotopes.org
TW_1230_CN,9. Clarkston - Newton,9/6/2013,41.8335,-112.055,Canal,,Downstream,-88.86674493,0.071011667,-9.450594926,0.034022935,,Waterisotopes.org
TW_1236_CN,9. Clarkston - Newton,9/6/2013,41.836222,-112.047431,River_or_stream,,Downstream,-109.4828161,0.081460355,-13.41748713,0.0067654,,Waterisotopes.org
TW_1249_CN,9. Clarkston - Newton,9/6/2013,41.8452,-111.9083,Canal,,Downstream,-102.4096456,0.028816063,-12.08855441,0.010842293,,Waterisotopes.org
TW_1251_CN,9. Clarkston - Newton,9/6/2013,41.9177,-111.9419,River_or_stream,,Downstream,-90.0737111,0.286167415,-9.790839554,0.054111628,,Waterisotopes.org
TW_1254_CN,9. Clarkston - Newton,9/6/2013,41.9213,-111.9081,River_or_stream,,Downstream,-88.42882756,0.167414332,-9.359181611,0.037394721,,Waterisotopes.org
TW_1257_CN,9. Clarkston - Newton,9/6/2013,41.9176,-111.9578,Canal,,Downstream,-88.22494889,0.180059779,-9.326926464,0.046261879,,Waterisotopes.org
TW_1261_CN,9. Clarkston - Newton,9/6/2013,41.8512,-111.8937,Canal,,Downstream,-88.6421914,0.171392803,-9.480138756,0.014113378,,Waterisotopes.org
TW_1262_CN,9. Clarkston - Newton,9/6/2013,41.8351,-111.8828,River_or_stream,,Downstream,-89.38489168,0.085712438,-9.541937,0.031145585,,Waterisotopes.org
TW_1266_CN,9. Clarkston - Newton,9/6/2013,41.8656,-111.9517,Canal,,Downstream,-88.93826374,0.160895272,-9.525778443,0.036561669,,Waterisotopes.org
TW_1312,,5/17/2013,41.910477,-111.8751,River_or_stream,,Downstream,-124.7462755,0.139725282,-16.87526045,0.023439573,,Waterisotopes.org
TW_402_LR,8. Lewiston - Richmond,5/16/2013,41.974455,-111.944225,River_or_stream,,Downstream,-121.2455978,0.033041992,-15.44006117,0.021841792,,Waterisotopes.org
TW_405_LR,8. Lewiston - Richmond,5/16/2013,41.974455,-111.944225,Canal,,Downstream,-121.8268336,0.186198039,-15.55821523,0.027181805,,Waterisotopes.org
TW_408_LR,8. Lewiston - Richmond,5/16/2013,41.926987,-111.953065,Canal,,Downstream,-119.5401466,0.021620784,-15.06434774,0.025098152,,Waterisotopes.org
TW_417_LR,8. Lewiston - Richmond,5/16/2013,41.932223,-111.95313,Canal,,Downstream,-122.0877466,0.191215598,-15.61518735,0.030065421,,Waterisotopes.org
TW_422_CN,9. Clarkston - Newton,5/16/2013,41.8335,-112.055,Canal,,Downstream,-121.3496881,0.077637694,-15.76074398,0.02847386,,Waterisotopes.org
TW_428_CN,9. Clarkston - Newton,5/16/2013,41.836222,-112.047431,River_or_stream,,Downstream,-121.6452667,0.267294893,-15.74034386,0.018087895,,Waterisotopes.org
TW_441_CN,9. Clarkston - Newton,5/16/2013,41.8452,-111.9083,Canal,,Downstream,-112.9442023,0.068336875,-14.10892376,0.014455311,,Waterisotopes.org
TW_443_CN,9. Clarkston - Newton,5/16/2013,41.9177,-111.9419,River_or_stream,,Downstream,-118.5457415,0.056148678,-14.93389987,0.025472257,,Waterisotopes.org
TW_446_CN,9. Clarkston - Newton,5/16/2013,41.9213,-111.9081,River_or_stream,,Downstream,-120.3658917,0.038764885,-15.3548722,0.016184203,,Waterisotopes.org
TW_449_CN,9. Clarkston - Newton,5/16/2013,41.9176,-111.9578,Canal,,Downstream,-121.6633077,0.180921647,-15.7218711,0.039109496,,Waterisotopes.org
TW_453_CN,9. Clarkston - Newton,5/16/2013,41.8512,-111.8937,Canal,,Downstream,-122.3405133,0.065593633,-16.12068052,0.014129509,,Waterisotopes.org
TW_454_CN,9. Clarkston - Newton,5/16/2013,41.8351,-111.8828,River_or_stream,,Downstream,-122.8719291,0.053965829,-16.27604992,0.021043546,,Waterisotopes.org
TW_458_CN,9. Clarkston - Newton,5/16/2013,41.8656,-111.9517,Canal,,Downstream,-121.7630432,0.170994521,-15.63298868,0.03405232,,Waterisotopes.org
TW_461_SHN,10. Smithfield - Hyde Park - North Logan,5/16/2013,41.83583333,-111.8827778,River_or_stream,,Downstream,-123.5859454,0.122770647,-16.17574145,0.038722414,,Waterisotopes.org
TW_463_SHN,10. Smithfield - Hyde Park - North Logan,5/16/2013,41.83833333,-111.8533333,Canal,,Downstream,-125.7586562,0.096627075,-16.76442409,0.02350595,,Waterisotopes.org
TW_468_SHN,10. Smithfield - Hyde Park - North Logan,5/16/2013,41.83777778,-111.825,River_or_stream,,Downstream,-126.3346547,0.184790168,-16.97865485,0.011934905,,Waterisotopes.org
TW_472_SHN,10. Smithfield - Hyde Park - North Logan,5/16/2013,41.83777778,-111.8341667,River_or_stream,,Downstream,-126.4714772,0.025700669,-17.01070196,0.020963791,,Waterisotopes.org
TW_492_SHN,10. Smithfield - Hyde Park - North Logan,5/16/2013,41.80111111,-111.9094444,River_or_stream,,Downstream,-121.3942732,0.066361016,-15.64935141,0.025759102,,Waterisotopes.org
TW_591_MB,13. Mendon - Benson,5/22/2013,41.804722,-111.886667,River_or_stream,,Downstream,-122.8887098,0.239156554,-16.11101681,0.009119518,,Waterisotopes.org
TW_620_T,14. Tremonton,5/16/2013,41.741859,-112.143459,River_or_stream,,Downstream,-115.8856379,0.153696238,-13.99726215,0.038635967,,Waterisotopes.org
TW_621_T,14. Tremonton,5/16/2013,41.814602,-112.109299,Canal,,Downstream,-121.2465349,0.08089165,-15.66919382,0.013190523,,Waterisotopes.org
TW_622_T,14. Tremonton,5/16/2013,41.741859,-112.143459,River_or_stream,,Downstream,-113.3729239,0.060068812,-14.28318808,0.030318041,,Waterisotopes.org
TW_634_T,14. Tremonton,5/16/2013,41.711503,-112.171451,Canal,,Downstream,-120.5470317,0.215697965,-15.54051205,0.021823448,,Waterisotopes.org
TW_640_T,14. Tremonton,5/16/2013,41.712649,-112.120628,River_or_stream,,Downstream,-117.7576742,0.086440405,-14.91614466,0.004242951,,Waterisotopes.org
TW_641_T,14. Tremonton,5/16/2013,41.726455,-112.152987,Canal,,Downstream,-120.7623968,0.038613227,-15.61231537,0.019364905,,Waterisotopes.org
TW_643_T,14. Tremonton,5/16/2013,41.71188,-112.161012,River_or_stream,,Downstream,-115.1753665,0.112083182,-13.92047867,0.022690023,,Waterisotopes.org
TW_650_T,14. Tremonton,5/16/2013,41.716901,-112.092723,Canal,,Downstream,-121.0466483,0.048862413,-15.598168,0.005022099,,Waterisotopes.org
TW_652_T,14. Tremonton,5/16/2013,41.712192,-112.147697,Canal,,Downstream,-121.2744755,0.096467324,-15.69643372,0.02535092,,Waterisotopes.org
TW_654_T,14. Tremonton,5/16/2013,41.711303,-112.180967,Canal,,Downstream,-120.8559251,0.072204648,-15.59228499,0.053836947,,Waterisotopes.org
TW_715_SHPNL,10. Smithfield - Hyde Park - North Logan,9/6/2013,41.83583333,-111.8827778,River_or_stream,,Downstream,-88.85950604,0.170100052,-9.515680207,0.02427143,,Waterisotopes.org
TW_717_SHPNL,10. Smithfield - Hyde Park - North Logan,9/6/2013,41.8383,-111.8533,Canal,,Downstream,-124.8325819,0.053189553,-16.73741125,0.024845301,,Waterisotopes.org
TW_722_SHPNL,10. Smithfield - Hyde Park - North Logan,9/6/2013,41.83777778,-111.825,River_or_stream,,Downstream,-127.7492373,0.052358141,-17.16832978,0.020119421,,Waterisotopes.org
TW_726_SHPNL,10. Smithfield - Hyde Park - North Logan,9/6/2013,41.83777778,-111.8341667,River_or_stream,,Downstream,-125.4591349,0.068436309,-16.68250306,0.024712465,,Waterisotopes.org
TW_746_SHPNL,10. Smithfield - Hyde Park - North Logan,9/6/2013,41.80111111,-111.9094444,River_or_stream,,Downstream,-88.51,0.08,-9.35,0.03,,Waterisotopes.org
TW_883_T,14. Tremonton,9/7/2013,41.741859,-112.143459,River_or_stream,,Downstream,-111.0562784,0.077093975,-13.38743796,0.026908004,,Waterisotopes.org
TW_884_T,14. Tremonton,9/7/2013,41.814602,-112.109299,Canal,,Downstream,-89.19626003,0.056892644,-9.456290372,0.008166716,,Waterisotopes.org
TW_885_T,14. Tremonton,9/7/2013,41.741859,-112.143459,River_or_stream,,Downstream,-111.2181904,0.047841266,-13.35743384,0.02954375,,Waterisotopes.org
TW_897_T,14. Tremonton,9/7/2013,41.711503,-112.171451,Canal,,Downstream,-89.33283641,0.210065342,-9.541331561,0.04432459,,Waterisotopes.org
TW_903_T,14. Tremonton,9/7/2013,41.712649,-112.120628,River_or_stream,,Downstream,-96.51786821,0.092502445,-10.77282521,0.032243418,,Waterisotopes.org
TW_904_T,14. Tremonton,9/7/2013,41.726455,-112.152987,Canal,,Downstream,-90.26677301,0.118639193,-9.582460095,0.020466737,,Waterisotopes.org
TW_906_T,14. Tremonton,9/7/2013,41.71188,-112.161012,River_or_stream,,Downstream,-111.6502888,0.066695226,-13.39008497,0.022637717,,Waterisotopes.org
TW_913_T,14. Tremonton,9/7/2013,41.716901,-112.092723,Canal,,Downstream,-89.4058856,0.104588392,-9.47251944,0.010007446,,Waterisotopes.org
TW_915_T,14. Tremonton,9/7/2013,41.712192,-112.147697,Canal,,Downstream,-89.69113562,0.029469066,-9.488562192,0.008987034,,Waterisotopes.org
TW_917_T,14. Tremonton,9/7/2013,41.711303,-112.180967,Canal,,Downstream,-89.93298032,0.093611944,-9.540269146,0.02945215,,Waterisotopes.org
BW-23-01,"Stream near Smith's, SLC",8/9/2023,40.750605,-111.921448,River_or_stream,,Out,-103.26,0.91,-13.03,0.11,,P2C2 Project - Brown U
BW-23-02,,8/9/2023,40.9445917,-110.9670552,River_or_stream,,Upstream,-112.18,0.99,-13.6,0.11,,P2C2 Project - Brown U
BW-23-03,,8/9/2023,40.9060816,-110.9527583,River_or_stream,,Upstream,-128.29,1.14,-17.14,0.13,,P2C2 Project - Brown U
BW-23-04,,8/9/2023,40.8901289,-110.9514736,River_or_stream,,Upstream,-127.5,1.13,-16.99,0.13,,P2C2 Project - Brown U
BW-23-05,,8/9/2023,40.8794542,-110.9531097,River_or_stream,,Upstream,-131.19,1.16,-17.72,0.13,,P2C2 Project - Brown U
BW-23-06,Humphrey Creek,8/9/2023,40.8715621,-110.9274346,River_or_stream,,Upstream,-131.97,1.17,-17.72,0.13,,P2C2 Project - Brown U
BW-23-07,Meadow Creek,8/9/2023,40.862919,-110.9265538,River_or_stream,,Upstream,-130.13,1.16,-17.52,0.13,,P2C2 Project - Brown U
BW-23-08,,8/9/2023,40.8393381,-110.929924,Reservoir,,Upstream,-129.05,1.15,-17.04,0.13,,P2C2 Project - Brown U
BW-23-09,West Fork Bear River,8/9/2023,40.8613152,-110.9218073,River_or_stream,,Upstream,-131.97,1.17,-17.63,0.13,,P2C2 Project - Brown U
BW-23-10,West Fork Bear River confluence,8/9/2023,40.8687846,-110.9178018,River_or_stream,,Upstream,-131.31,0.98,-17.58,0.11,,P2C2 Project - Brown U
BW-23-11,,8/9/2023,40.8544383,-110.8801439,River_or_stream,,Upstream,-132.78,1.18,-17.72,0.13,,P2C2 Project - Brown U
BW-23-12,,8/9/2023,40.8540714,-110.8720705,River_or_stream,,Upstream,-122.44,1.09,-15.76,0.12,,P2C2 Project - Brown U
BW-23-13,Bear River stem,8/9/2023,40.8661698,-110.8354261,River_or_stream,,Upstream,-124.27,1.1,-16.75,0.13,,P2C2 Project - Brown U
BW-23-14,Hayden Fork,8/9/2023,40.8581932,-110.8416244,River_or_stream,,Upstream,-124.91,1.11,-16.64,0.13,,P2C2 Project - Brown U
BW-23-15,East Fork Bear River,8/9/2023,40.9112621,-110.8298934,River_or_stream,,Upstream,-129.17,1.15,-17.38,0.13,,P2C2 Project - Brown U
BW-23-16,Bear River,8/9/2023,40.914582,-110.8290699,River_or_stream,,Upstream,-127.61,1.13,-17.13,0.13,,P2C2 Project - Brown U
BW-23-17,Cottonwood Creek,8/9/2023,41.0462547,-110.8828425,River_or_stream,,Upstream,,,,,,P2C2 Project - Brown U
BW-23-18,Sulphur Creek,8/9/2023,41.1577572,-110.8523465,River_or_stream,,Upstream,-114.03,1.01,-14.45,0.11,,P2C2 Project - Brown U
BW-23-19,Bear River,8/9/2023,41.1682458,-110.8785876,River_or_stream,,Upstream,-124.13,1.1,-16.46,0.12,,P2C2 Project - Brown U
BW-23-20,,8/9/2023,41.2532633,-111.0069058,River_or_stream,,Upstream,-121.22,1.07,-15.3,0.12,,P2C2 Project - Brown U
BW-23-21,In town Bear River (Evanston),8/9/2023,41.2704365,-110.9625843,River_or_stream,,Upstream,-122.04,1.08,-16.03,0.12,,P2C2 Project - Brown U
BW-23-22,Standing water,8/9/2023,41.2664992,-110.9309825,Pond,,Upstream,-80.86,0.72,-10.26,0.09,,P2C2 Project - Brown U
BW-23-23,,8/9/2023,41.4063926,-111.0413601,River_or_stream,,Upstream,-118.7,1.05,-15.57,0.12,,P2C2 Project - Brown U
BW-23-24,Above Woodruff reservoir,8/9/2023,41.5055658,-111.0134323,River_or_stream,,Upstream,-130.6,1.16,-17.28,0.13,,P2C2 Project - Brown U
BW-23-25,Genes Creek,8/9/2023,41.5209553,-111.128243,River_or_stream,,Upstream,-130.74,1.16,-17.13,0.13,,P2C2 Project - Brown U
BW-23-26,Big Creek,8/10/2023,41.6283705,-111.217429,River_or_stream,,Upstream,-132.92,1.18,-17.65,0.13,,P2C2 Project - Brown U
BW-23-27,Little Creek Reservoir,8/10/2023,41.6773807,-111.2316601,Reservoir,,Upstream,-135.96,1.21,-18.12,0.13,,P2C2 Project - Brown U
BW-23-28,Little Creek Reservoir outlet,8/10/2023,41.6745652,-111.22704,River_or_stream,,Upstream,-125.27,1.11,-16.04,0.12,,P2C2 Project - Brown U
BW-23-29,Fork #1 to Little Creek Reservoir,8/10/2023,41.7022003,-111.2570881,River_or_stream,,Upstream,-136.02,1.21,-18.15,0.13,,P2C2 Project - Brown U
BW-23-30,Fork #2 to Little Creek Reservoir,8/10/2023,41.715227,-111.256262,River_or_stream,,Upstream,-136.4,1.21,-18.23,0.13,,P2C2 Project - Brown U
BW-23-31,Fork #3 to Little Creek Reservoir (Spring baseflow),8/10/2023,41.723483,-111.2536717,River_or_stream,,Upstream,-135.89,0.82,-18.15,0.08,,P2C2 Project - Brown U
BW-23-32,Fork #4 to Little Creek Reservoir,8/10/2023,41.726767,-111.2547312,River_or_stream,,Upstream,-137.83,0.84,-18.36,0.08,,P2C2 Project - Brown U
BW-23-33,Convergence of forks to LCR,8/10/2023,41.7098807,-111.1889788,River_or_stream,,Upstream,-133.01,1.18,-17.66,0.13,,P2C2 Project - Brown U
BW-23-34,,8/10/2023,41.7677278,-111.1716782,River_or_stream,,Upstream,-132.44,1.18,-17.08,0.13,,P2C2 Project - Brown U
BW-23-35,Off-road/rail stream,8/10/2023,41.8211305,-110.9413429,River_or_stream,,Upstream,-130.72,1.16,-16.81,0.13,,P2C2 Project - Brown U
BW-23-36,,8/10/2023,41.902681,-110.957211,River_or_stream,,Upstream,-130.46,1.16,-16.76,0.13,,P2C2 Project - Brown U
BW-23-37,Bear River meander,8/10/2023,41.9474325,-110.9631325,River_or_stream,,Upstream,-119.26,1.06,-14.91,0.12,,P2C2 Project - Brown U
BW-23-38,Sublette Creek,8/10/2023,42.039323,-110.9317994,River_or_stream,,Upstream,-131.91,0.8,-17.18,0.08,,P2C2 Project - Brown U
BW-23-39,Smith Fork ds,8/10/2023,42.0944484,-110.951085,River_or_stream,,Upstream,-131.14,1.16,-17.46,0.13,,P2C2 Project - Brown U
BW-23-40,Spring Creek,8/10/2023,42.0955625,-110.9142153,River_or_stream,,Upstream,-131.16,1.16,-17.41,0.13,,P2C2 Project - Brown U
BW-23-41,Bruner Creek,8/10/2023,42.1052457,-110.9029883,River_or_stream,,Upstream,-130.98,1.16,-17.16,0.13,,P2C2 Project - Brown U
BW-23-42,Smith Fork us,8/10/2023,42.2928844,-110.8726156,River_or_stream,,Upstream,-131.23,1.17,-17.59,0.13,,P2C2 Project - Brown U
BW-23-43,Bloom Hollow,8/10/2023,42.2976921,-110.8706777,River_or_stream,,Upstream,-130.63,1.16,-17,0.13,,P2C2 Project - Brown U
BW-23-44,Preachers Hollow,8/10/2023,42.3131265,-110.8696846,River_or_stream,,Upstream,-130.67,0.79,-17.07,0.08,,P2C2 Project - Brown U
BW-23-45,,8/10/2023,42.278914,-110.8679979,River_or_stream,,Upstream,-129.48,1.15,-16.78,0.13,,P2C2 Project - Brown U
BW-23-46,,8/10/2023,42.2628756,-110.8672653,River_or_stream,,Upstream,-132.2,1.17,-17.09,0.13,,P2C2 Project - Brown U
BW-23-47,,8/10/2023,42.2386412,-110.8584274,River_or_stream,,Upstream,-129.18,1.15,-16.94,0.13,,P2C2 Project - Brown U
BW-23-48,,8/10/2023,42.2382418,-110.857674,River_or_stream,,Upstream,-133.01,1.18,-17.5,0.13,,P2C2 Project - Brown U
BW-23-49,,8/10/2023,42.2099672,-110.8739792,River_or_stream,,Upstream,-130.44,1.16,-16.83,0.13,,P2C2 Project - Brown U
BW-23-50,,8/10/2023,42.181218,-110.879475,River_or_stream,,Upstream,-132.85,1.18,-17.33,0.13,,P2C2 Project - Brown U
BW-23-51,,8/10/2023,42.2109918,-111.0532959,River_or_stream,,Upstream,-125,1.11,-16.19,0.12,,P2C2 Project - Brown U
BW-23-52,Raymond Creek,8/10/2023,42.2765085,-111.0252363,River_or_stream,,Upstream,-129.34,1.15,-17.1,0.13,,P2C2 Project - Brown U
BW-23-53,Thomas Fork,8/10/2023,42.358894,-111.0537519,River_or_stream,,Upstream,-131.11,1.16,-17.17,0.13,,P2C2 Project - Brown U
BW-23-54,,8/10/2023,42.3518261,-111.0966568,River_or_stream,,Upstream,,,,,,P2C2 Project - Brown U
BW-23-55,,8/10/2023,42.3410605,-111.1747453,River_or_stream,,Upstream,-133.36,1.18,-17.46,0.13,,P2C2 Project - Brown U
BW-23-56,Small pond near Montpellier reservoir,8/10/2023,42.3415973,-111.1756989,Pond,,Upstream,-133.45,1.19,-17.44,0.13,,P2C2 Project - Brown U
BW-23-57,Montpellier Creek in KOA (beside KK4),8/10/2023,42.320578,-111.254677,River_or_stream,,Around,-130.02,1.15,-17.06,0.13,,P2C2 Project - Brown U
BW-23-58,KOA spigot,8/10/2023,42.320359,-111.254767,Ground,,Around,-133.74,1.19,-17.47,0.13,,P2C2 Project - Brown U
BW-23-59,Bear River,8/11/2023,42.4016611,-111.3571245,River_or_stream,,Around,-108.38,0.96,-13.03,0.11,,P2C2 Project - Brown U
BW-23-60,,8/11/2023,42.4016611,-111.3571245,River_or_stream,,Around,-135.07,1.2,-17.64,0.13,,P2C2 Project - Brown U
BW-23-61,P+J Outlet Canal,8/11/2023,42.305539,,River_or_stream,,Around,-109.69,0.97,-13.31,0.11,,P2C2 Project - Brown U
BW-23-62,Ovid Creek,8/11/2023,42.2833966,-111.3985794,River_or_stream,,Around,-128.36,0.78,-16.96,0.08,,P2C2 Project - Brown U
BW-23-63,North Paris Creek,8/11/2023,42.2328613,-111.4011972,River_or_stream,,Around,-132.63,1.18,-17.47,0.13,,P2C2 Project - Brown U
BW-23-64,Furthest fork Paris Creek (confluence),8/11/2023,42.218452,-111.4011885,River_or_stream,,Around,-129.33,0.78,-17.4,0.08,,P2C2 Project - Brown U
BW-23-65,Creek before inlet,8/11/2023,42.2353573,-111.3610891,River_or_stream,,Around,-127.8,0.77,-17.12,0.08,,P2C2 Project - Brown U
BW-23-66,Inlet canal (ds of gage),8/11/2023,42.2193588,-111.2957904,River_or_stream,,Around,-123.62,0.74,-15.81,0.07,,P2C2 Project - Brown U
BW-23-67,Bloomington Creek ds,8/11/2023,42.1846148,-111.4261951,River_or_stream,,Around,-129.72,0.78,-17.42,0.08,,P2C2 Project - Brown U
BW-23-68,Jarvis Spring,8/11/2023,42.1911526,-111.4815367,River_or_stream,,Around,-131.18,0.79,-17.6,0.08,,P2C2 Project - Brown U
BW-23-69,Corduroy Spring,8/11/2023,42.1852374,-111.5312931,Ground,,Around,-129.47,0.78,-17.47,0.08,,P2C2 Project - Brown U
BW-23-70,Bloomington Creek us,8/11/2023,42.1848956,-111.5312693,River_or_stream,,Around,-127.4,0.77,-17.26,0.08,,P2C2 Project - Brown U
BW-23-71,Spring Creek,8/11/2023,42.146352,-111.396301,River_or_stream,,Around,-135.07,0.82,-17.88,0.08,,P2C2 Project - Brown U
BW-23-72,St. Charles Creek,8/11/2023,42.112911,-111.4460937,River_or_stream,,Around,-130.36,0.79,-17.47,0.08,,P2C2 Project - Brown U
BW-23-73,"Bear Lake, near outlet canal connecting to Mud Lake",8/11/2023,42.1165295,-111.2988833,Lake,,Around,-88.67,0.53,-9.39,0.06,,P2C2 Project - Brown U
BW-23-74,"Mud Lake, opposite of 71",8/11/2023,42.1207692,-111.2984783,Lake,,Around,-100.79,0.6,-11.41,0.06,,P2C2 Project - Brown U
BW-23-75,Small hot spring north of Bear Lake,8/11/2023,42.1149468,-111.2645393,Spring,,Around,-146.93,0.9,-18.95,0.08,,P2C2 Project - Brown U
BW-23-76,Small spring west of Bear Lake,8/11/2023,42.0752574,-111.2521596,Spring,,Around,-141.51,0.86,-18.37,0.08,,P2C2 Project - Brown U
BW-23-77,Spigot at Sage Beach Resort,8/11/2023,42.0214034,-111.2588698,Ground,,Around,-139.12,0.84,-17.75,0.08,,P2C2 Project - Brown U
BW-23-78,Bear Lake at Sage Beach,8/11/2023,42.019532,-111.2604389,Lake,,Around,-86.71,0.52,-9.06,0.06,,P2C2 Project - Brown U
BW-23-79,Sage Spring,8/11/2023,42.0193472,-111.2602066,River_or_stream,,Around,-131.83,0.8,-16.74,0.08,,P2C2 Project - Brown U
BW-23-80,North Eden Creek,8/11/2023,41.9871466,-111.2640901,River_or_stream,,Around,-135.27,0.82,-17.23,0.08,,P2C2 Project - Brown U
BW-23-81,Bear Lake southeast side,8/11/2023,41.9451764,-111.2785733,Lake,,Around,-88.16,0.53,-9.26,0.06,,P2C2 Project - Brown U
BW-23-82,South Eden Creek,8/11/2023,41.920092,-111.2540666,River_or_stream,,Around,-123.92,0.75,-15.46,0.07,,P2C2 Project - Brown U
BW-23-83,Bear Lake southeast side,8/11/2023,41.9144717,-111.288246,Lake,,Around,-88.33,0.53,-9.28,0.06,,P2C2 Project - Brown U
BW-23-84,Big Creek,8/11/2023,41.8135661,-111.3792054,River_or_stream,,Around,-135.89,0.82,-18.02,0.08,,P2C2 Project - Brown U
BW-23-85,Bear Lake at Rest Stop beach,8/11/2023,41.8573454,-111.3627407,Lake,,Around,-87.67,0.53,-9.13,0.06,,P2C2 Project - Brown U
BW-23-86,Bear Lake Rest Stop spigot,8/11/2023,41.856927,-111.364012,Ground,,Around,-132.59,0.8,-17.29,0.08,,P2C2 Project - Brown U
BW-23-87,"Bear Lake at Public Beach, Garden City",8/11/2023,41.9438879,-111.3864484,Lake,,Around,-87.56,0.53,-9.25,0.06,,P2C2 Project - Brown U
BW-23-88,Swan Creek,8/11/2023,41.9850612,-111.4105672,River_or_stream,,Around,-133.22,0.81,-17.82,0.08,,P2C2 Project - Brown U
BW-23-89,Fish Haven Creek,8/11/2023,42.0379654,-111.4173894,River_or_stream,,Around,-133.95,0.81,-17.87,0.08,,P2C2 Project - Brown U
BW-23-90,Little Creek (St. Charles Fork),8/11/2023,42.118482,-111.3887997,River_or_stream,,Around,-130.51,0.79,-17.43,0.08,,P2C2 Project - Brown U
BW-23-91,Above Montpellier reseroir,8/12/2023,42.3676773,-111.1722237,River_or_stream,,Upstream,-130.77,0.79,-17.25,0.08,,P2C2 Project - Brown U
BW-23-92,Home Canyon Creek,8/12/2023,42.3347004,-111.2235062,River_or_stream,,Around,-135.25,0.82,-17.86,0.08,,P2C2 Project - Brown U
BW-23-93,Blue Pond Springs outlet,8/12/2023,42.1043561,-111.494693,River_or_stream,,Around,-130.38,0.79,-17.46,0.08,,P2C2 Project - Brown U
BW-23-94,Blue Pond Springs,8/12/2023,42.1048501,-111.4956297,Pond,,Around,-130.29,0.79,-17.48,0.08,,P2C2 Project - Brown U
BW-23-95,North Fork St Charles Creek (before),8/12/2023,42.1017775,-111.5389705,River_or_stream,,Around,-130.97,0.79,-17.63,0.08,,P2C2 Project - Brown U
BW-23-96,North Fork St Charles Creek,8/12/2023,42.0987941,-111.5370162,River_or_stream,,Around,-130.13,0.79,-17.54,0.08,,P2C2 Project - Brown U
BW-23-97,Spigot,8/12/2023,42.0964553,-111.5348436,Ground,,Around,-128.63,0.78,-17.34,0.08,,P2C2 Project - Brown U
BW-23-98,South Fork St Charles Creek,8/12/2023,42.0944188,-111.5297263,River_or_stream,,Around,-131.39,0.79,-17.66,0.08,,P2C2 Project - Brown U
BW-23-99,Bear Lake west side,8/12/2023,41.9786398,-111.4029437,Lake,,Around,-89.49,0.54,-9.49,0.06,,P2C2 Project - Brown U
BW-23-100,From outcrop beside road,8/12/2023,41.932011,-111.435119,Rock,,Around,,,,,,P2C2 Project - Brown U
BW-23-101,Canteen Spring,8/12/2023,41.9415639,-111.4817949,River_or_stream,,Around,-130.1,0.79,-17.28,0.08,,P2C2 Project - Brown U
BW-23-102,Beaver Creek,8/12/2023,41.9638488,-111.5325534,River_or_stream,,Out,-130.67,0.79,-17.5,0.08,,P2C2 Project - Brown U
BW-23-103,Beaver Spring,8/12/2023,41.9480753,-111.5819499,River_or_stream,,Out,,,,,,P2C2 Project - Brown U
BW-23-104,North Beaver Spring,8/12/2023,41.9591553,-111.5906986,River_or_stream,,Out,-131.68,0.8,-17.71,0.08,,P2C2 Project - Brown U
BW-23-105,Logan River ds,8/12/2023,41.9331286,-111.564025,River_or_stream,,Out,-130.81,0.79,-17.6,0.08,,P2C2 Project - Brown U
BW-23-106,Logan River ds,8/12/2023,41.9059796,-111.5633186,River_or_stream,,Out,-130.14,0.79,-17.53,0.08,,P2C2 Project - Brown U
BW-23-107,Ricks Spring,8/12/2023,41.83997,-111.5885565,River_or_stream,,Out,-131.09,0.79,-17.66,0.08,,P2C2 Project - Brown U
BW-23-108,Temple Fork 1,8/12/2023,41.8279909,-111.5777868,River_or_stream,,Out,-131.14,0.79,-17.56,0.08,,P2C2 Project - Brown U
BW-23-109,Temple Fork 2,8/12/2023,41.828642,-111.5768105,River_or_stream,,Out,-131.21,0.79,-17.53,0.08,,P2C2 Project - Brown U
BW-23-110,Temple Fork confluence,8/12/2023,41.8315492,-111.5808693,River_or_stream,,Out,,,,,,P2C2 Project - Brown U
BW-23-111,Right Fork Logan River,8/12/2023,41.780698,-111.6363525,River_or_stream,,Out,-132.88,0.8,-17.62,0.08,,P2C2 Project - Brown U
BW-23-112,Logan River ds,8/12/2023,41.7830501,-111.6407446,River_or_stream,,Out,-130.46,0.79,-17.5,0.08,,P2C2 Project - Brown U
BW-23-113,Spring Hollow,8/12/2023,41.7531098,-111.7165586,River_or_stream,,Out,-127.91,0.77,-17.32,0.08,,P2C2 Project - Brown U
BW-23-114,Bear River ds near Logan,8/12/2023,41.8407738,-111.8805991,River_or_stream,,Downstream,-111.3,0.67,-13.54,0.07,,P2C2 Project - Brown U
